timestamp,request_rate,cpu_rate,memory_mb,replicas,run_id,hour,minute,day_of_week,target_replicas_60s
2026-04-24 14:50:00+00:00,0.0,0.0089537993163367,70.49609375,1,run_2026_04_24,14,50,4,1
2026-04-24 14:50:15+00:00,0.0,0.0089766961599401,70.49609375,1,run_2026_04_24,14,50,4,1
2026-04-24 14:50:30+00:00,0.0,0.0098271520925484,70.49609375,1,run_2026_04_24,14,50,4,1
2026-04-24 14:50:45+00:00,0.0,0.0086596307906652,70.49609375,1,run_2026_04_24,14,50,4,1
2026-04-24 14:51:00+00:00,0.0,0.0093759025599883,70.74609375,1,run_2026_04_24,14,51,4,1
2026-04-24 14:51:15+00:00,0.0,0.0095391348765933,70.74609375,1,run_2026_04_24,14,51,4,1
2026-04-24 14:51:30+00:00,0.0,0.0109968614665953,70.74609375,1,run_2026_04_24,14,51,4,1
2026-04-24 14:51:45+00:00,0.0,0.0101520496374791,70.87109375,1,run_2026_04_24,14,51,4,1
2026-04-24 14:52:00+00:00,0.0,0.0093825261620832,70.87109375,1,run_2026_04_24,14,52,4,1
2026-04-24 14:52:15+00:00,0.0,0.009371513504726,70.87109375,1,run_2026_04_24,14,52,4,1
2026-04-24 14:52:30+00:00,0.0,0.0099956177723676,70.99609375,1,run_2026_04_24,14,52,4,1
2026-04-24 14:52:45+00:00,0.0,0.0098731664225771,70.91796875,1,run_2026_04_24,14,52,4,1
2026-04-24 14:53:00+00:00,0.0730549129428954,0.0144589309631072,71.7734375,1,run_2026_04_24,14,53,4,1
2026-04-24 14:53:15+00:00,0.5840916165171354,0.0170917270055201,71.8984375,1,run_2026_04_24,14,53,4,1
2026-04-24 14:53:30+00:00,1.0345156287717694,0.0209652304824718,71.8984375,1,run_2026_04_24,14,53,4,1
2026-04-24 14:53:45+00:00,1.5216507792229483,0.0221704380021208,72.2734375,1,run_2026_04_24,14,53,4,1
2026-04-24 14:54:00+00:00,2.030949513830227,0.0270388037168173,72.6484375,1,run_2026_04_24,14,54,4,1
2026-04-24 14:54:15+00:00,2.815104230408355,0.0345792926202423,73.37109375,1,run_2026_04_24,14,54,4,1
2026-04-24 14:54:30+00:00,3.235417345561193,0.0350627996834411,73.96484375,1,run_2026_04_24,14,54,4,1
2026-04-24 14:54:45+00:00,3.8702723887909074,0.0385756417793454,74.3359375,1,run_2026_04_24,14,54,4,2
2026-04-24 14:55:00+00:00,4.433658468287675,0.0418823447052783,75.57421875,1,run_2026_04_24,14,55,4,3
2026-04-24 14:55:15+00:00,5.905560048028621,0.0477923742311744,76.8046875,1,run_2026_04_24,14,55,4,3
2026-04-24 14:55:30+00:00,7.404302877898854,0.0613568967123032,77.59375,1,run_2026_04_24,14,55,4,3
2026-04-24 14:55:45+00:00,9.708259412576384,0.0760011827321111,74.04296875,2,run_2026_04_24,14,55,4,3
2026-04-24 14:56:00+00:00,11.443201074217027,0.1044985361540569,72.43359375,3,run_2026_04_24,14,56,4,4
2026-04-24 14:56:15+00:00,13.999675553311302,0.1273660150662409,72.57421875,3,run_2026_04_24,14,56,4,4
2026-04-24 14:56:30+00:00,16.154888022039277,0.1485100846033647,73.6640625,3,run_2026_04_24,14,56,4,5
2026-04-24 14:56:45+00:00,18.130012514688364,0.1650813178683715,74.12369791666667,3,run_2026_04_24,14,56,4,5
2026-04-24 14:57:00+00:00,20.52401605830672,0.1863260181675207,72.6630859375,4,run_2026_04_24,14,57,4,5
2026-04-24 14:57:15+00:00,21.67630087494168,0.187382307607991,73.9296875,4,run_2026_04_24,14,57,4,5
2026-04-24 14:57:30+00:00,24.76596303310969,0.2122482090669235,72.6125,5,run_2026_04_24,14,57,4,5
2026-04-24 14:57:45+00:00,26.73531976586666,0.2316246930005489,73.91953125,5,run_2026_04_24,14,57,4,5
2026-04-24 14:58:00+00:00,33.333369168441635,0.2815682150938201,74.6390625,5,run_2026_04_24,14,58,4,5
2026-04-24 14:58:15+00:00,41.70990923765614,0.3410758956335945,75.72578125,5,run_2026_04_24,14,58,4,5
2026-04-24 14:58:30+00:00,50.60417905709412,0.4129192273031321,74.77734375,5,run_2026_04_24,14,58,4,5
2026-04-24 14:58:45+00:00,58.74360357236359,0.4914120833761812,76.43515625,5,run_2026_04_24,14,58,4,5
2026-04-24 14:59:00+00:00,68.05346869954096,0.5750426115477871,77.8453125,5,run_2026_04_24,14,59,4,5
2026-04-24 14:59:15+00:00,77.30681004253078,0.6388665301842951,78.634375,5,run_2026_04_24,14,59,4,5
2026-04-24 14:59:30+00:00,84.20804692662946,0.6974700973571558,78.89921875,5,run_2026_04_24,14,59,4,5
2026-04-24 14:59:45+00:00,89.58539652033639,0.7058547586328563,79.39296875,5,run_2026_04_24,14,59,4,5
2026-04-24 15:00:00+00:00,89.06599760801109,0.7142047816095134,79.99609375,5,run_2026_04_24,15,0,4,5
2026-04-24 15:00:15+00:00,92.63277982931508,0.7399945338481085,79.98046875,5,run_2026_04_24,15,0,4,5
2026-04-24 15:00:30+00:00,89.13410840610301,0.721251575397942,80.46171875,5,run_2026_04_24,15,0,4,5
2026-04-24 15:00:45+00:00,93.43423410833556,0.7505492250255739,78.4546875,5,run_2026_04_24,15,0,4,5
2026-04-24 15:01:00+00:00,88.9371226425252,0.7135418479837413,79.17578125,5,run_2026_04_24,15,1,4,5
2026-04-24 15:01:15+00:00,93.37601876569674,0.7528812517016944,79.8125,5,run_2026_04_24,15,1,4,5
2026-04-24 15:01:30+00:00,89.65414189780529,0.763256180643241,80.20390625,5,run_2026_04_24,15,1,4,5
2026-04-24 15:01:45+00:00,92.98606341988014,0.7807776221607554,78.696875,5,run_2026_04_24,15,1,4,5
2026-04-24 15:02:00+00:00,91.281016933301,0.7628578487406279,79.89609375,5,run_2026_04_24,15,2,4,5
2026-04-24 15:02:15+00:00,91.13923365369716,0.737468200830923,80.271875,5,run_2026_04_24,15,2,4,5
2026-04-24 15:02:30+00:00,87.48628875245667,0.7061843105434403,80.48828125,5,run_2026_04_24,15,2,4,5
2026-04-24 15:02:45+00:00,79.19910486497966,0.6432529974082835,80.53828125,5,run_2026_04_24,15,2,4,5
2026-04-24 15:03:00+00:00,69.82852204656528,0.5697334979111374,80.5453125,5,run_2026_04_24,15,3,4,5
2026-04-24 15:03:15+00:00,58.22146502689393,0.4801219610038452,80.44765625,5,run_2026_04_24,15,3,4,5
2026-04-24 15:03:30+00:00,50.70549761839885,0.4477811707956478,80.49453125,5,run_2026_04_24,15,3,4,5
2026-04-24 15:03:45+00:00,39.52306416409807,0.3476907472611056,80.50234375,5,run_2026_04_24,15,3,4,5
2026-04-24 15:04:00+00:00,32.172807500638875,0.2847243040799164,80.56171875,5,run_2026_04_24,15,4,4,5
2026-04-24 15:04:15+00:00,22.359928245740573,0.1917239126731378,80.55546875,5,run_2026_04_24,15,4,4,5
2026-04-24 15:04:30+00:00,18.28017339546708,0.1657238088192663,80.5640625,5,run_2026_04_24,15,4,4,5
2026-04-24 15:04:45+00:00,14.445749686089329,0.1470104623275953,80.61796875,5,run_2026_04_24,15,4,4,5
2026-04-24 15:05:00+00:00,12.858580344810658,0.1398641612706774,80.61953125,5,run_2026_04_24,15,5,4,5
2026-04-24 15:05:15+00:00,9.562062646015049,0.1126222812635864,80.62578125,5,run_2026_04_24,15,5,4,5
2026-04-24 15:05:30+00:00,7.836835599505562,0.0972734842451638,80.64140625,5,run_2026_04_24,15,5,4,5
2026-04-24 15:05:45+00:00,4.1334247861088045,0.0660550642733525,80.66484375,5,run_2026_04_24,15,5,4,5
2026-04-24 15:06:00+00:00,2.3464856864373127,0.0513026694254016,80.6578125,5,run_2026_04_24,15,6,4,5
2026-04-24 15:06:15+00:00,0.9567995956167747,0.0462315487029137,80.659375,5,run_2026_04_24,15,6,4,5
2026-04-24 15:06:30+00:00,0.1985846331600231,0.0401313898559838,80.64375,5,run_2026_04_24,15,6,4,5
2026-04-24 15:06:45+00:00,0.0,0.0428274898380512,80.6671875,5,run_2026_04_24,15,6,4,5
2026-04-24 15:07:00+00:00,0.0,0.038685337549531,80.6671875,5,run_2026_04_24,15,7,4,5
2026-04-24 15:07:15+00:00,0.0,0.0394491642037882,80.66484375,5,run_2026_04_24,15,7,4,5
2026-04-24 15:07:30+00:00,0.0,0.036682135478244,80.67421875,5,run_2026_04_24,15,7,4,4
2026-04-24 15:07:45+00:00,0.0,0.0388837309317632,80.67421875,5,run_2026_04_24,15,7,4,4
2026-04-24 15:08:00+00:00,0.0,0.0372016138023135,80.67109375,5,run_2026_04_24,15,8,4,4
2026-04-24 15:08:15+00:00,0.0,0.0376361779828153,80.678125,5,run_2026_04_24,15,8,4,3
2026-04-24 15:08:30+00:00,0.0,0.0363263809368598,80.767578125,4,run_2026_04_24,15,8,4,3
2026-04-24 15:08:45+00:00,0.0,0.0339713216678791,80.767578125,4,run_2026_04_24,15,8,4,3
2026-04-24 15:09:00+00:00,0.0,0.0315565725803264,80.873046875,4,run_2026_04_24,15,9,4,2
2026-04-24 15:09:15+00:00,0.0,0.0284446996340807,81.19791666666667,3,run_2026_04_24,15,9,4,2
2026-04-24 15:09:30+00:00,0.0,0.0284420630894545,81.19791666666667,3,run_2026_04_24,15,9,4,1
2026-04-24 15:09:45+00:00,0.0,0.0221950350017752,81.19791666666667,3,run_2026_04_24,15,9,4,1
2026-04-24 15:10:00+00:00,0.0,0.0164929146993802,81.41015625,2,run_2026_04_24,15,10,4,1
2026-04-24 15:10:15+00:00,0.0,0.0099307088090927,81.41015625,2,run_2026_04_24,15,10,4,1
2026-04-24 15:10:30+00:00,0.0,0.0099307088090927,81.5,1,run_2026_04_24,15,10,4,1
2026-04-24 15:10:45+00:00,0.0,0.0099307088090927,81.5,1,run_2026_04_24,15,10,4,1
2026-04-24 15:11:00+00:00,0.0,0.0099307088090927,81.5,1,run_2026_04_24,15,11,4,1
2026-04-24 15:11:15+00:00,0.0,0.0099307088090927,81.5,1,run_2026_04_24,15,11,4,1
2026-04-24 15:11:30+00:00,0.0,0.0099307088090927,81.5,1,run_2026_04_24,15,11,4,1
2026-04-24 15:11:45+00:00,0.0,0.0099307088090927,81.5,1,run_2026_04_24,15,11,4,1
2026-04-24 15:12:00+00:00,0.0,0.0099307088090927,81.5,1,run_2026_04_24,15,12,4,1
2026-04-24 15:12:15+00:00,0.0,0.0099307088090927,81.5,1,run_2026_04_24,15,12,4,1
2026-04-24 15:12:30+00:00,0.0,0.0099307088090927,81.5,1,run_2026_04_24,15,12,4,1
2026-04-24 15:12:45+00:00,0.0,0.0099307088090927,81.5,1,run_2026_04_24,15,12,4,1
2026-04-24 15:13:00+00:00,0.0,0.0099307088090927,81.5,1,run_2026_04_24,15,13,4,1
2026-04-24 15:13:15+00:00,0.0,0.0099307088090927,81.5,1,run_2026_04_24,15,13,4,1
2026-04-24 15:13:30+00:00,0.0,0.0099307088090927,81.5,1,run_2026_04_24,15,13,4,1
2026-04-24 15:13:45+00:00,0.0,0.0099307088090927,81.5,1,run_2026_04_24,15,13,4,1
2026-04-24 15:14:00+00:00,0.0,0.0099307088090927,81.5,1,run_2026_04_24,15,14,4,1
2026-04-24 15:14:15+00:00,0.0,0.0099307088090927,81.5,1,run_2026_04_24,15,14,4,1
2026-04-24 15:14:30+00:00,0.0,0.0099307088090927,81.5,1,run_2026_04_24,15,14,4,1
2026-04-24 15:14:45+00:00,0.0,0.0099307088090927,81.5,1,run_2026_04_24,15,14,4,1
2026-04-24 15:15:00+00:00,0.0,0.0099307088090927,81.5,1,run_2026_04_24,15,15,4,1
2026-04-24 15:15:15+00:00,0.0,0.0099307088090927,81.5,1,run_2026_04_24,15,15,4,1
2026-04-24 15:15:30+00:00,0.0,0.0099307088090927,81.5,1,run_2026_04_24,15,15,4,1
2026-04-24 15:15:45+00:00,0.0,0.0099307088090927,81.5,1,run_2026_04_24,15,15,4,1
2026-04-24 15:16:00+00:00,0.0,0.0099307088090927,81.5,1,run_2026_04_24,15,16,4,1
2026-04-25 16:20:30+00:00,0.1345783103712208,0.0050654015833333,62.6875,1,run_2026_04_25,16,20,5,1
2026-04-25 16:20:45+00:00,0.1345783103712208,0.0050654015833333,66.3125,1,run_2026_04_25,16,20,5,1
2026-04-25 16:21:00+00:00,0.1345783103712208,0.0112754141478895,67.0625,1,run_2026_04_25,16,21,5,1
2026-04-25 16:21:15+00:00,0.4708086019721684,0.0160772942461762,67.5625,1,run_2026_04_25,16,21,5,1
2026-04-25 16:21:30+00:00,0.9834705100549762,0.0179552033080634,67.91796875,1,run_2026_04_25,16,21,5,1
2026-04-25 16:21:45+00:00,1.4942882537094508,0.0176673697385499,68.34765625,1,run_2026_04_25,16,21,5,1
2026-04-25 16:22:00+00:00,2.1662691318721685,0.0220565691196277,69.140625,1,run_2026_04_25,16,22,5,1
2026-04-25 16:22:15+00:00,2.4830171000234245,0.0240699929725931,69.13671875,1,run_2026_04_25,16,22,5,2
2026-04-25 16:22:30+00:00,3.107351599299613,0.0317011023699721,70.07421875,1,run_2026_04_25,16,22,5,2
2026-04-25 16:22:45+00:00,3.383265668019973,0.036154253581595,70.7578125,1,run_2026_04_25,16,22,5,2
2026-04-25 16:23:00+00:00,4.5203291978872375,0.0447254391352413,70.98828125,1,run_2026_04_25,16,23,5,3
2026-04-25 16:23:15+00:00,6.599888503245993,0.0600749186253529,70.140625,2,run_2026_04_25,16,23,5,3
2026-04-25 16:23:30+00:00,8.487987339951086,0.0807443143465343,70.58984375,2,run_2026_04_25,16,23,5,4
2026-04-25 16:23:45+00:00,10.0380010038001,0.0950559405814851,71.548828125,2,run_2026_04_25,16,23,5,4
2026-04-25 16:24:00+00:00,11.848539586728709,0.116287645977527,70.25520833333333,3,run_2026_04_25,16,24,5,4
2026-04-25 16:24:15+00:00,14.533414135882982,0.1410182960093918,71.24869791666667,3,run_2026_04_25,16,24,5,4
2026-04-25 16:24:30+00:00,16.01756390689047,0.1607210292847329,70.4873046875,4,run_2026_04_25,16,24,5,4
2026-04-25 16:24:45+00:00,18.883375154248288,0.1797593055282065,71.2412109375,4,run_2026_04_25,16,24,5,4
2026-04-25 16:25:00+00:00,19.90898819715499,0.1783796788649061,71.673828125,4,run_2026_04_25,16,25,5,5
2026-04-25 16:25:15+00:00,22.794559933050763,0.1887848388828374,72.2138671875,4,run_2026_04_25,16,25,5,5
2026-04-25 16:25:30+00:00,23.57358528146862,0.1929308192557563,72.685546875,4,run_2026_04_25,16,25,5,5
2026-04-25 16:25:45+00:00,28.385048457979767,0.2372248337395142,73.1708984375,4,run_2026_04_25,16,25,5,5
2026-04-25 16:26:00+00:00,33.12470321911915,0.2703752814895043,72.3296875,5,run_2026_04_25,16,26,5,5
2026-04-25 16:26:15+00:00,41.30060027218624,0.3532023750610254,73.5609375,5,run_2026_04_25,16,26,5,5
2026-04-25 16:26:30+00:00,50.103579825566015,0.415251984701358,73.1921875,5,run_2026_04_25,16,26,5,5
2026-04-25 16:26:45+00:00,55.58021418707502,0.456756766978676,74.4203125,5,run_2026_04_25,16,26,5,5
2026-04-25 16:27:00+00:00,68.72919557255527,0.5305336880149872,75.63984375,5,run_2026_04_25,16,27,5,5
2026-04-25 16:27:15+00:00,75.07027390726311,0.5812188960579172,76.2640625,5,run_2026_04_25,16,27,5,5
2026-04-25 16:27:30+00:00,84.99438005121915,0.6611096504008952,77.0578125,5,run_2026_04_25,16,27,5,5
2026-04-25 16:27:45+00:00,87.76794178090402,0.6862346381884309,77.39609375,5,run_2026_04_25,16,27,5,5
2026-04-25 16:28:00+00:00,93.41771368818004,0.7405720804899184,77.634375,5,run_2026_04_25,16,28,5,5
2026-04-25 16:28:15+00:00,88.90899340287027,0.6963173450445047,77.853125,5,run_2026_04_25,16,28,5,5
2026-04-25 16:28:30+00:00,92.53135074042495,0.7228638153202793,78.0953125,5,run_2026_04_25,16,28,5,5
2026-04-25 16:28:45+00:00,88.60208929394676,0.6836049197268154,78.2796875,5,run_2026_04_25,16,28,5,5
2026-04-25 16:29:00+00:00,92.7110675472947,0.7244306345714834,78.2875,5,run_2026_04_25,16,29,5,5
2026-04-25 16:29:15+00:00,89.65137352919741,0.7001034531710344,78.5875,5,run_2026_04_25,16,29,5,5
2026-04-25 16:29:30+00:00,93.35470411751984,0.6949441407820589,78.61640625,5,run_2026_04_25,16,29,5,5
2026-04-25 16:29:45+00:00,92.1501398446428,0.69901981356156,78.56875,5,run_2026_04_25,16,29,5,5
2026-04-25 16:30:00+00:00,90.88737946963342,0.6974041024236801,78.4890625,5,run_2026_04_25,16,30,5,5
2026-04-25 16:30:15+00:00,90.75061193175524,0.7040472737123984,78.56953125,5,run_2026_04_25,16,30,5,5
2026-04-25 16:30:30+00:00,86.05175928541873,0.6817544966398031,78.5640625,5,run_2026_04_25,16,30,5,5
2026-04-25 16:30:45+00:00,80.08464353430081,0.6386972476349159,78.66796875,5,run_2026_04_25,16,30,5,5
2026-04-25 16:31:00+00:00,65.87469723921892,0.5418396696204819,78.7203125,5,run_2026_04_25,16,31,5,5
2026-04-25 16:31:15+00:00,60.04988421224771,0.4903280785921926,78.72890625,5,run_2026_04_25,16,31,5,5
2026-04-25 16:31:30+00:00,48.719834034814845,0.3798653991664809,78.74375,5,run_2026_04_25,16,31,5,5
2026-04-25 16:31:45+00:00,42.06557917284067,0.3406547042387117,76.72265625,5,run_2026_04_25,16,31,5,5
2026-04-25 16:32:00+00:00,30.37044251682968,0.2516997957234588,76.98828125,5,run_2026_04_25,16,32,5,5
2026-04-25 16:32:15+00:00,24.09253770085117,0.2152047035990115,77.10234375,5,run_2026_04_25,16,32,5,5
2026-04-25 16:32:30+00:00,17.49633763931612,0.1552289457507923,77.15234375,5,run_2026_04_25,16,32,5,5
2026-04-25 16:32:45+00:00,15.11663264212054,0.1493787773262463,77.2296875,5,run_2026_04_25,16,32,5,5
2026-04-25 16:33:00+00:00,11.589931634552489,0.1283896584639277,77.16796875,5,run_2026_04_25,16,33,5,5
2026-04-25 16:33:15+00:00,9.10995747716304,0.1095666898084673,77.15,5,run_2026_04_25,16,33,5,5
2026-04-25 16:33:30+00:00,7.0952638213578245,0.0898325050396098,77.1984375,5,run_2026_04_25,16,33,5,5
2026-04-25 16:33:45+00:00,4.880244912659824,0.0728961971899084,77.221875,5,run_2026_04_25,16,33,5,5
2026-04-25 16:34:00+00:00,1.7535626960409,0.0501827541128597,77.24140625,5,run_2026_04_25,16,34,5,5
2026-04-25 16:34:15+00:00,0.4445692358088821,0.0381952001095524,77.24140625,5,run_2026_04_25,16,34,5,5
2026-04-25 16:34:30+00:00,0.0,0.0358977736643495,77.24140625,5,run_2026_04_25,16,34,5,5
2026-04-25 16:34:45+00:00,0.0,0.0340959635597117,77.1859375,5,run_2026_04_25,16,34,5,5
2026-04-25 16:35:00+00:00,0.0,0.0350929124584292,77.17265625,5,run_2026_04_25,16,35,5,5
2026-04-25 16:35:15+00:00,0.0,0.0356242909355563,77.21328125,5,run_2026_04_25,16,35,5,5
2026-04-25 16:35:30+00:00,0.0,0.0369446105215105,77.21328125,5,run_2026_04_25,16,35,5,5
2026-04-25 16:35:45+00:00,0.0,0.0376945099305513,77.1421875,5,run_2026_04_25,16,35,5,4
2026-04-25 16:36:00+00:00,0.0,0.0375474977619586,77.1875,5,run_2026_04_25,16,36,5,4
2026-04-25 16:36:15+00:00,0.0,0.0375361697087576,77.1875,5,run_2026_04_25,16,36,5,4
2026-04-25 16:36:30+00:00,0.0,0.0366659491642134,77.1875,5,run_2026_04_25,16,36,5,3
2026-04-25 16:36:45+00:00,0.0,0.0345975280903259,76.759765625,4,run_2026_04_25,16,36,5,3
2026-04-25 16:37:00+00:00,0.0,0.0324455494109898,76.759765625,4,run_2026_04_25,16,37,5,2
2026-04-25 16:37:15+00:00,0.0,0.0292350780340861,76.759765625,4,run_2026_04_25,16,37,5,1
2026-04-25 16:37:30+00:00,0.0,0.0203550842519071,78.75520833333333,3,run_2026_04_25,16,37,5,1
2026-04-25 16:37:45+00:00,0.0,0.0142352620216374,78.75520833333333,3,run_2026_04_25,16,37,5,1
2026-04-25 16:38:00+00:00,0.0,0.0142352620216374,78.564453125,2,run_2026_04_25,16,38,5,1
2026-04-25 16:38:15+00:00,0.0,0.0142352620216374,78.564453125,1,run_2026_04_25,16,38,5,1
2026-04-25 16:38:30+00:00,0.0,0.0142352620216374,78.564453125,1,run_2026_04_25,16,38,5,1
2026-04-25 16:38:45+00:00,0.0,0.0142352620216374,78.564453125,1,run_2026_04_25,16,38,5,1
2026-04-25 16:39:00+00:00,0.0,0.0142352620216374,78.564453125,1,run_2026_04_25,16,39,5,1
2026-04-25 16:39:15+00:00,0.0,0.0142352620216374,78.564453125,1,run_2026_04_25,16,39,5,1
2026-04-25 16:39:30+00:00,0.0,0.0142352620216374,78.564453125,1,run_2026_04_25,16,39,5,1
2026-04-25 16:39:45+00:00,0.0,0.0142352620216374,78.564453125,1,run_2026_04_25,16,39,5,1
2026-04-25 16:40:00+00:00,0.0,0.0142352620216374,78.564453125,1,run_2026_04_25,16,40,5,1
2026-04-25 16:40:15+00:00,0.0,0.0142352620216374,78.564453125,1,run_2026_04_25,16,40,5,1
2026-04-25 16:40:30+00:00,0.0,0.0142352620216374,78.564453125,1,run_2026_04_25,16,40,5,1
2026-04-25 16:40:45+00:00,0.0,0.0142352620216374,78.564453125,1,run_2026_04_25,16,40,5,1
2026-04-25 16:41:00+00:00,0.0,0.0142352620216374,78.564453125,1,run_2026_04_25,16,41,5,1
2026-04-25 16:41:15+00:00,0.0,0.0142352620216374,78.564453125,1,run_2026_04_25,16,41,5,1
2026-04-25 16:41:30+00:00,0.0,0.0142352620216374,78.564453125,1,run_2026_04_25,16,41,5,1
2026-04-25 16:41:45+00:00,0.0,0.0142352620216374,78.564453125,1,run_2026_04_25,16,41,5,1
2026-04-25 16:42:00+00:00,0.0,0.0142352620216374,78.564453125,1,run_2026_04_25,16,42,5,1
2026-04-25 16:42:15+00:00,0.0,0.0142352620216374,78.564453125,1,run_2026_04_25,16,42,5,1
2026-04-25 16:42:30+00:00,0.0,0.0142352620216374,78.564453125,1,run_2026_04_25,16,42,5,1
2026-04-25 16:42:45+00:00,0.0,0.0142352620216374,78.564453125,1,run_2026_04_25,16,42,5,1
2026-04-25 16:43:00+00:00,0.0,0.0142352620216374,78.15234375,1,run_2026_04_25,16,43,5,1
2026-04-25 16:43:15+00:00,0.0,0.0142352620216374,78.15234375,1,run_2026_04_25,16,43,5,1
2026-04-25 16:43:30+00:00,0.0,0.0142352620216374,78.15234375,1,run_2026_04_25,16,43,5,1
2026-04-25 16:43:45+00:00,0.0,0.0142352620216374,78.15234375,1,run_2026_04_25,16,43,5,1
2026-04-25 16:44:00+00:00,0.0,0.0142352620216374,78.15234375,1,run_2026_04_25,16,44,5,1
2026-04-26 14:27:00+00:00,0.38816,0.0092475066959921,65.02734375,1,run_2026_04_26_1726,14,27,6,1
2026-04-26 14:27:15+00:00,0.38816,0.0092475066959921,66.35546875,1,run_2026_04_26_1726,14,27,6,1
2026-04-26 14:27:30+00:00,0.38816,0.0111744179585262,67.35546875,1,run_2026_04_26_1726,14,27,6,1
2026-04-26 14:27:45+00:00,0.8574337464651184,0.0171455657444084,67.96875,1,run_2026_04_26_1726,14,27,6,1
2026-04-26 14:28:00+00:00,1.3740365442077564,0.0201161058191295,68.54296875,1,run_2026_04_26_1726,14,28,6,1
2026-04-26 14:28:15+00:00,1.925715734756796,0.030558268190018,68.7109375,1,run_2026_04_26_1726,14,28,6,1
2026-04-26 14:28:30+00:00,2.523861152089295,0.0318783925492775,69.765625,1,run_2026_04_26_1726,14,28,6,1
2026-04-26 14:28:45+00:00,3.0749542311725704,0.0357620731945752,70.55078125,1,run_2026_04_26_1726,14,28,6,2
2026-04-26 14:29:00+00:00,3.589285714285714,0.0370268928571428,71.02734375,1,run_2026_04_26_1726,14,29,6,2
2026-04-26 14:29:15+00:00,4.535714285714286,0.041773375,71.75,1,run_2026_04_26_1726,14,29,6,3
2026-04-26 14:29:30+00:00,6.726347715487721,0.0533641033167009,72.828125,1,run_2026_04_26_1726,14,29,6,3
2026-04-26 14:29:45+00:00,8.316444195960583,0.057835581335756,69.99609375,2,run_2026_04_26_1726,14,29,6,4
2026-04-26 14:30:00+00:00,10.21826606511401,0.0864127254807283,71.796875,2,run_2026_04_26_1726,14,30,6,4
2026-04-26 14:30:15+00:00,11.439352295028836,0.1046510607883367,69.75520833333333,3,run_2026_04_26_1726,14,30,6,4
2026-04-26 14:30:30+00:00,13.868580297146798,0.1380324852897683,70.96875,3,run_2026_04_26_1726,14,30,6,4
2026-04-26 14:30:45+00:00,15.527799507715434,0.1458483301343097,70.47265625,4,run_2026_04_26_1726,14,30,6,5
2026-04-26 14:31:00+00:00,17.638271183041528,0.1659698929008633,71.068359375,4,run_2026_04_26_1726,14,31,6,5
2026-04-26 14:31:15+00:00,19.71501515571426,0.1816440779073346,71.8681640625,4,run_2026_04_26_1726,14,31,6,5
2026-04-26 14:31:30+00:00,22.390821214674585,0.2118241207783548,72.3486328125,4,run_2026_04_26_1726,14,31,6,5
2026-04-26 14:31:45+00:00,23.707522798808277,0.2329957415405724,71.50859375,5,run_2026_04_26_1726,14,31,6,5
2026-04-26 14:32:00+00:00,27.2308586636295,0.2719066282162005,72.13828125,5,run_2026_04_26_1726,14,32,6,5
2026-04-26 14:32:15+00:00,33.26791579109056,0.3147655689947513,73.00390625,5,run_2026_04_26_1726,14,32,6,5
2026-04-26 14:32:30+00:00,40.53406259704816,0.3730005974593489,73.91953125,5,run_2026_04_26_1726,14,32,6,5
2026-04-26 14:32:45+00:00,49.09017767922288,0.4359298349773945,74.88828125,5,run_2026_04_26_1726,14,32,6,5
2026-04-26 14:33:00+00:00,57.082420059569415,0.5115587285830477,74.7265625,5,run_2026_04_26_1726,14,33,6,5
2026-04-26 14:33:15+00:00,67.18029979024354,0.5840746418835835,75.4,5,run_2026_04_26_1726,14,33,6,5
2026-04-26 14:33:30+00:00,74.31538255387397,0.6280710015080861,75.9390625,5,run_2026_04_26_1726,14,33,6,5
2026-04-26 14:33:45+00:00,83.80476013122596,0.6846090183599678,76.25390625,5,run_2026_04_26_1726,14,33,6,5
2026-04-26 14:34:00+00:00,86.93092803123592,0.696765497466398,76.578125,5,run_2026_04_26_1726,14,34,6,5
2026-04-26 14:34:15+00:00,91.88175861941674,0.7596560798197785,77.05234375,5,run_2026_04_26_1726,14,34,6,5
2026-04-26 14:34:30+00:00,89.2437946842453,0.7118976039156425,77.09453125,5,run_2026_04_26_1726,14,34,6,5
2026-04-26 14:34:45+00:00,92.009593228635,0.7351198135668509,77.20078125,5,run_2026_04_26_1726,14,34,6,5
2026-04-26 14:35:00+00:00,88.35452239086322,0.7042772131369675,77.51484375,5,run_2026_04_26_1726,14,35,6,5
2026-04-26 14:35:15+00:00,90.80397838776572,0.7464390818912742,77.59453125,5,run_2026_04_26_1726,14,35,6,5
2026-04-26 14:35:30+00:00,88.97231459799237,0.7774754669283555,77.7296875,5,run_2026_04_26_1726,14,35,6,5
2026-04-26 14:35:45+00:00,91.2877695897729,0.8078943759158116,77.89921875,5,run_2026_04_26_1726,14,35,6,5
2026-04-26 14:36:00+00:00,90.0662249826393,0.7853318209858126,78.0140625,5,run_2026_04_26_1726,14,36,6,5
2026-04-26 14:36:15+00:00,90.23809933850052,0.7348823968315195,78.09609375,5,run_2026_04_26_1726,14,36,6,5
2026-04-26 14:36:30+00:00,90.7580648688939,0.7225700727465924,78.1,5,run_2026_04_26_1726,14,36,6,5
2026-04-26 14:36:45+00:00,87.4267182086338,0.6896810039051093,78.08359375,5,run_2026_04_26_1726,14,36,6,5
2026-04-26 14:37:00+00:00,82.527425629711,0.6633786870676366,78.4703125,5,run_2026_04_26_1726,14,37,6,5
2026-04-26 14:37:15+00:00,71.90804457856721,0.5724806499309093,76.77578125,5,run_2026_04_26_1726,14,37,6,5
2026-04-26 14:37:30+00:00,64.77797734090983,0.522497538413772,77.08984375,5,run_2026_04_26_1726,14,37,6,5
2026-04-26 14:37:45+00:00,54.09551475099217,0.4437781481038214,77.159375,5,run_2026_04_26_1726,14,37,6,5
2026-04-26 14:38:00+00:00,45.174366196959625,0.3814136190005562,77.41015625,5,run_2026_04_26_1726,14,38,6,5
2026-04-26 14:38:15+00:00,33.498010950274704,0.2944157912198025,77.44765625,5,run_2026_04_26_1726,14,38,6,5
2026-04-26 14:38:30+00:00,26.03422153632373,0.2332536687800903,77.52890625,5,run_2026_04_26_1726,14,38,6,5
2026-04-26 14:38:45+00:00,19.313003064414264,0.1811020967781097,77.5609375,5,run_2026_04_26_1726,14,38,6,5
2026-04-26 14:39:00+00:00,16.10572031885587,0.1642370268080931,77.63046875,5,run_2026_04_26_1726,14,39,6,5
2026-04-26 14:39:15+00:00,12.847500927692554,0.1400381381738666,77.665625,5,run_2026_04_26_1726,14,39,6,5
2026-04-26 14:39:30+00:00,10.17217176480603,0.1214143212637269,77.615625,5,run_2026_04_26_1726,14,39,6,5
2026-04-26 14:39:45+00:00,8.000286363717718,0.1026904523893724,77.58515625,5,run_2026_04_26_1726,14,39,6,5
2026-04-26 14:40:00+00:00,5.906251677912409,0.0876013968514966,77.58046875,5,run_2026_04_26_1726,14,40,6,5
2026-04-26 14:40:15+00:00,2.569373072970196,0.0619254511812952,77.58046875,5,run_2026_04_26_1726,14,40,6,5
2026-04-26 14:40:30+00:00,0.9311420457190746,0.0446559416406202,77.57578125,5,run_2026_04_26_1726,14,40,6,5
2026-04-26 14:40:45+00:00,0.1223570869224745,0.0418491930080695,77.60390625,5,run_2026_04_26_1726,14,40,6,5
2026-04-26 14:41:00+00:00,0.0,0.039248259587265,77.628125,5,run_2026_04_26_1726,14,41,6,5
2026-04-26 14:41:15+00:00,0.0,0.0396675502865831,77.603125,5,run_2026_04_26_1726,14,41,6,5
2026-04-26 14:41:30+00:00,0.0,0.037811451761426,77.68125,5,run_2026_04_26_1726,14,41,6,5
2026-04-26 14:41:45+00:00,0.0,0.0375825455566777,77.68125,5,run_2026_04_26_1726,14,41,6,5
2026-04-26 14:42:00+00:00,0.0,0.0365001932608941,77.77890625,5,run_2026_04_26_1726,14,42,6,5
2026-04-26 14:42:15+00:00,0.0,0.0377053378795484,77.815625,5,run_2026_04_26_1726,14,42,6,5
2026-04-26 14:42:30+00:00,0.0,0.0334526441041314,77.815625,5,run_2026_04_26_1726,14,42,6,5
2026-04-26 14:42:45+00:00,0.0,0.0227332500876164,77.840625,5,run_2026_04_26_1726,14,42,6,5
2026-04-26 14:43:00+00:00,0.0,0.0057367657589495,77.840625,5,run_2026_04_26_1726,14,43,6,5
2026-04-26 14:43:15+00:00,0.0,0.0057367657589495,77.840625,5,run_2026_04_26_1726,14,43,6,5
2026-04-26 14:43:30+00:00,0.0,0.0057367657589495,77.840625,5,run_2026_04_26_1726,14,43,6,5
2026-04-26 14:43:45+00:00,0.0,0.0057367657589495,77.840625,5,run_2026_04_26_1726,14,43,6,5
2026-04-26 14:44:00+00:00,0.0,0.0057367657589495,77.840625,5,run_2026_04_26_1726,14,44,6,5
2026-04-26 14:44:15+00:00,0.0,0.0057367657589495,77.840625,5,run_2026_04_26_1726,14,44,6,5
2026-04-26 14:44:30+00:00,0.0,0.0057367657589495,77.840625,5,run_2026_04_26_1726,14,44,6,5
2026-04-26 14:44:45+00:00,0.0,0.0057367657589495,77.840625,5,run_2026_04_26_1726,14,44,6,5
2026-04-26 14:45:00+00:00,0.0,0.0057367657589495,77.840625,5,run_2026_04_26_1726,14,45,6,5
2026-04-26 14:45:15+00:00,0.0,0.0057367657589495,77.840625,5,run_2026_04_26_1726,14,45,6,5
2026-04-26 14:45:30+00:00,0.0,0.0057367657589495,77.840625,5,run_2026_04_26_1726,14,45,6,5
2026-04-26 14:45:45+00:00,0.0,0.0057367657589495,77.840625,5,run_2026_04_26_1726,14,45,6,5
2026-04-26 14:46:00+00:00,0.0,0.0057367657589495,77.840625,5,run_2026_04_26_1726,14,46,6,5
2026-04-26 14:46:15+00:00,0.0,0.0057367657589495,77.840625,5,run_2026_04_26_1726,14,46,6,5
2026-04-26 14:46:30+00:00,0.0,0.0057367657589495,77.840625,5,run_2026_04_26_1726,14,46,6,5
2026-04-26 14:46:45+00:00,0.0,0.0057367657589495,77.840625,5,run_2026_04_26_1726,14,46,6,5
2026-04-26 14:47:00+00:00,0.0,0.0057367657589495,77.840625,5,run_2026_04_26_1726,14,47,6,4
2026-04-26 15:26:00+00:00,0.4732952269996724,0.0144319729129503,78.953125,1,run_2026_04_26_1826,15,26,6,1
2026-04-26 15:26:15+00:00,1.2784838685417763,0.0207118397633548,78.953125,1,run_2026_04_26_1826,15,26,6,1
2026-04-26 15:26:30+00:00,1.531573986804901,0.022162700282752,78.953125,1,run_2026_04_26_1826,15,26,6,1
2026-04-26 15:26:45+00:00,2.202753441802253,0.0266410513141421,78.953125,1,run_2026_04_26_1826,15,26,6,1
2026-04-26 15:27:00+00:00,2.329082952994871,0.0254951771514609,79.078125,1,run_2026_04_26_1826,15,27,6,2
2026-04-26 15:27:15+00:00,3.1448110617481158,0.0320875555333697,78.91015625,1,run_2026_04_26_1826,15,27,6,2
2026-04-26 15:27:30+00:00,3.2425573909161405,0.0360625014685495,78.91015625,1,run_2026_04_26_1826,15,27,6,3
2026-04-26 15:27:45+00:00,4.394616594671527,0.0461893929935829,79.03515625,1,run_2026_04_26_1826,15,27,6,3
2026-04-26 15:28:00+00:00,6.370354191693058,0.0651952240544572,72.490234375,2,run_2026_04_26_1826,15,28,6,3
2026-04-26 15:28:15+00:00,8.008445269556987,0.0912925302153005,73.447265625,2,run_2026_04_26_1826,15,28,6,4
2026-04-26 15:28:30+00:00,9.946340915310348,0.1088119262137207,71.37630208333333,3,run_2026_04_26_1826,15,28,6,4
2026-04-26 15:28:45+00:00,11.598506412773837,0.1256302518752301,71.609375,3,run_2026_04_26_1826,15,28,6,5
2026-04-26 15:29:00+00:00,14.909220569250929,0.1473898666036033,72.58463541666667,3,run_2026_04_26_1826,15,29,6,5
2026-04-26 15:29:15+00:00,16.138766250426084,0.1543188467053013,70.908203125,4,run_2026_04_26_1826,15,29,6,5
2026-04-26 15:29:30+00:00,19.21302989293523,0.1876293126866164,71.9287109375,4,run_2026_04_26_1826,15,29,6,5
2026-04-26 15:29:45+00:00,19.653207574915125,0.1799433143472938,71.08828125,5,run_2026_04_26_1826,15,29,6,5
2026-04-26 15:30:00+00:00,23.34320729299719,0.2224860501160287,71.8140625,5,run_2026_04_26_1826,15,30,6,5
2026-04-26 15:30:15+00:00,24.06154120316556,0.2265089387718043,72.16796875,5,run_2026_04_26_1826,15,30,6,5
2026-04-26 15:30:30+00:00,28.623356243323776,0.267814659343722,72.7484375,5,run_2026_04_26_1826,15,30,6,5
2026-04-26 15:30:45+00:00,36.00354567260596,0.3148736115747056,73.675,5,run_2026_04_26_1826,15,30,6,5
2026-04-26 15:31:00+00:00,43.7872369077501,0.3638516623795132,74.48046875,5,run_2026_04_26_1826,15,31,6,5
2026-04-26 15:31:15+00:00,51.2873297235538,0.4074175990515841,75.31875,5,run_2026_04_26_1826,15,31,6,5
2026-04-26 15:31:30+00:00,60.62330295843861,0.4680310570857426,76.0421875,5,run_2026_04_26_1826,15,31,6,5
2026-04-26 15:31:45+00:00,71.07401901615982,0.547245892266687,76.62890625,5,run_2026_04_26_1826,15,31,6,5
2026-04-26 15:32:00+00:00,78.7224945864784,0.6186067366280218,76.90625,5,run_2026_04_26_1826,15,32,6,5
2026-04-26 15:32:15+00:00,88.9645486457917,0.7154749798951312,77.5390625,5,run_2026_04_26_1826,15,32,6,5
2026-04-26 15:32:30+00:00,88.65849585623717,0.7397183138277126,77.7,5,run_2026_04_26_1826,15,32,6,5
2026-04-26 15:32:45+00:00,94.93067389605896,0.7719333128535774,78.17109375,5,run_2026_04_26_1826,15,32,6,5
2026-04-26 15:33:00+00:00,90.1526657208586,0.7318098853828334,78.47421875,5,run_2026_04_26_1826,15,33,6,5
2026-04-26 15:33:15+00:00,93.32541434043512,0.7430885840446241,78.4296875,5,run_2026_04_26_1826,15,33,6,5
2026-04-26 15:33:30+00:00,90.9655635810526,0.7098022811498623,78.6125,5,run_2026_04_26_1826,15,33,6,5
2026-04-26 15:33:45+00:00,92.53174621502392,0.7328006216211538,78.6453125,5,run_2026_04_26_1826,15,33,6,5
2026-04-26 15:34:00+00:00,90.99525114332332,0.7210552081765388,78.85859375,5,run_2026_04_26_1826,15,34,6,5
2026-04-26 15:34:15+00:00,92.85742490801856,0.7633359009377713,78.93046875,5,run_2026_04_26_1826,15,34,6,5
2026-04-26 15:34:30+00:00,91.95631317555082,0.7868181964570231,78.98203125,5,run_2026_04_26_1826,15,34,6,5
2026-04-26 15:34:45+00:00,90.84421380867492,0.7776134780187595,79.13203125,5,run_2026_04_26_1826,15,34,6,5
2026-04-26 15:35:00+00:00,92.56885001235744,0.7778444825425915,77.128125,5,run_2026_04_26_1826,15,35,6,5
2026-04-26 15:35:15+00:00,84.43355745584171,0.7302316007007035,77.3234375,5,run_2026_04_26_1826,15,35,6,5
2026-04-26 15:35:30+00:00,81.05420928998316,0.6968487111398323,77.7765625,5,run_2026_04_26_1826,15,35,6,5
2026-04-26 15:35:45+00:00,67.55441098828736,0.5843093018800487,78.11796875,5,run_2026_04_26_1826,15,35,6,5
2026-04-26 15:36:00+00:00,59.90743875904765,0.4880599962060815,78.28046875,5,run_2026_04_26_1826,15,36,6,5
2026-04-26 15:36:15+00:00,45.256988180828046,0.4104081557306278,76.8484375,5,run_2026_04_26_1826,15,36,6,5
2026-04-26 15:36:30+00:00,37.27786049477383,0.3533758133581393,76.93203125,5,run_2026_04_26_1826,15,36,6,5
2026-04-26 15:36:45+00:00,28.720562491771563,0.2939713087132604,76.92265625,5,run_2026_04_26_1826,15,36,6,5
2026-04-26 15:37:00+00:00,22.85972208196202,0.2273929138863998,76.9640625,5,run_2026_04_26_1826,15,37,6,5
2026-04-26 15:37:15+00:00,16.826502615510385,0.1706058161211431,76.84296875,5,run_2026_04_26_1826,15,37,6,5
2026-04-26 15:37:30+00:00,13.603764554593514,0.1393258357624228,76.86015625,5,run_2026_04_26_1826,15,37,6,5
2026-04-26 15:37:45+00:00,11.291262241330044,0.1273442519087119,76.87578125,5,run_2026_04_26_1826,15,37,6,5
2026-04-26 15:38:00+00:00,8.329959557446527,0.0921989173466548,76.934375,5,run_2026_04_26_1826,15,38,6,5
2026-04-26 15:38:15+00:00,6.574915474652614,0.082430736191038,76.99921875,5,run_2026_04_26_1826,15,38,6,5
2026-04-26 15:38:30+00:00,3.871211405910679,0.0628732071917724,76.9921875,5,run_2026_04_26_1826,15,38,6,5
2026-04-26 15:38:45+00:00,1.933167633250483,0.0477590320401766,76.97109375,5,run_2026_04_26_1826,15,38,6,5
2026-04-26 15:39:00+00:00,0.4175592752623362,0.0342598613764651,77.03671875,5,run_2026_04_26_1826,15,39,6,5
2026-04-26 15:39:15+00:00,0.0,0.031646018921923,77.06171875,5,run_2026_04_26_1826,15,39,6,5
2026-04-26 15:39:30+00:00,0.0,0.0315697527983945,77.0703125,5,run_2026_04_26_1826,15,39,6,5
2026-04-26 15:39:45+00:00,0.0,0.0338905379499832,77.0703125,5,run_2026_04_26_1826,15,39,6,5
2026-04-26 15:40:00+00:00,0.0,0.0300338516670625,77.109375,5,run_2026_04_26_1826,15,40,6,5
2026-04-26 15:40:15+00:00,0.0,0.0211965399150402,77.109375,5,run_2026_04_26_1826,15,40,6,5
2026-04-26 15:40:30+00:00,0.0,0.0035283068177778,77.109375,5,run_2026_04_26_1826,15,40,6,4
2026-04-26 15:40:45+00:00,0.0,0.0035283068177778,77.109375,5,run_2026_04_26_1826,15,40,6,4
2026-04-26 15:41:00+00:00,0.0,0.0035283068177778,77.109375,5,run_2026_04_26_1826,15,41,6,3
2026-04-26 15:41:15+00:00,0.0,0.0035283068177778,77.109375,5,run_2026_04_26_1826,15,41,6,2
2026-04-26 15:41:30+00:00,0.0,0.0035283068177778,77.109375,4,run_2026_04_26_1826,15,41,6,2
2026-04-26 15:41:45+00:00,0.0,0.0035283068177778,77.109375,4,run_2026_04_26_1826,15,41,6,2
2026-04-26 15:42:00+00:00,0.0,0.0035283068177778,77.109375,3,run_2026_04_26_1826,15,42,6,1
2026-04-26 15:42:15+00:00,0.0,0.0035283068177778,77.109375,2,run_2026_04_26_1826,15,42,6,1
2026-04-26 15:42:30+00:00,0.0,0.0035283068177778,77.109375,2,run_2026_04_26_1826,15,42,6,1
2026-04-26 15:42:45+00:00,0.0,0.0035283068177778,77.109375,2,run_2026_04_26_1826,15,42,6,1
2026-04-26 15:43:00+00:00,0.0,0.0035283068177778,77.109375,1,run_2026_04_26_1826,15,43,6,1
2026-04-26 15:43:15+00:00,0.0,0.0035283068177778,77.109375,1,run_2026_04_26_1826,15,43,6,1
2026-04-26 15:43:30+00:00,0.0,0.0035283068177778,77.109375,1,run_2026_04_26_1826,15,43,6,1
2026-04-26 15:43:45+00:00,0.0,0.0035283068177778,77.109375,1,run_2026_04_26_1826,15,43,6,1
2026-04-26 15:44:00+00:00,0.0,0.0035283068177778,77.109375,1,run_2026_04_26_1826,15,44,6,1
2026-04-26 15:44:15+00:00,0.0,0.0035283068177778,77.109375,1,run_2026_04_26_1826,15,44,6,1
2026-04-26 15:44:30+00:00,0.0,0.0035283068177778,77.109375,1,run_2026_04_26_1826,15,44,6,1
2026-04-26 15:44:45+00:00,0.0,0.0035283068177778,77.109375,1,run_2026_04_26_1826,15,44,6,1
2026-04-26 15:45:00+00:00,0.0,0.0035283068177778,77.109375,1,run_2026_04_26_1826,15,45,6,1
2026-04-26 15:45:15+00:00,0.0,0.0035283068177778,77.109375,1,run_2026_04_26_1826,15,45,6,1
2026-04-26 15:45:30+00:00,0.0,0.0035283068177778,77.109375,1,run_2026_04_26_1826,15,45,6,1
2026-04-26 15:45:45+00:00,0.0,0.0035283068177778,77.109375,1,run_2026_04_26_1826,15,45,6,1
2026-04-26 15:46:00+00:00,0.0,0.0035283068177778,77.109375,1,run_2026_04_26_1826,15,46,6,1
2026-04-26 15:46:15+00:00,0.0,0.0035283068177778,77.109375,1,run_2026_04_26_1826,15,46,6,1
2026-04-26 15:46:30+00:00,0.0,0.0035283068177778,77.109375,1,run_2026_04_26_1826,15,46,6,1
2026-04-26 15:46:45+00:00,0.0,0.0035283068177778,77.109375,1,run_2026_04_26_1826,15,46,6,1
2026-04-26 15:47:00+00:00,0.0,0.0035283068177778,77.109375,1,run_2026_04_26_1826,15,47,6,1
2026-04-26 15:47:15+00:00,0.0,0.0035283068177778,77.109375,1,run_2026_04_26_1826,15,47,6,1
2026-04-26 15:47:30+00:00,0.0,0.0035283068177778,77.109375,1,run_2026_04_26_1826,15,47,6,1
2026-04-26 15:47:45+00:00,0.0,0.0035283068177778,77.109375,1,run_2026_04_26_1826,15,47,6,1
2026-04-26 15:48:00+00:00,0.0,0.0035283068177778,77.109375,1,run_2026_04_26_1826,15,48,6,1
2026-04-26 15:48:15+00:00,0.0,0.0035283068177778,77.109375,1,run_2026_04_26_1826,15,48,6,1
2026-04-26 15:48:30+00:00,0.0,0.0035283068177778,77.109375,1,run_2026_04_26_1826,15,48,6,1
2026-04-26 15:48:45+00:00,0.0,0.0035283068177778,77.109375,1,run_2026_04_26_1826,15,48,6,1
2026-04-26 15:49:00+00:00,0.0,0.0035283068177778,77.109375,1,run_2026_04_26_1826,15,49,6,1
2026-04-26 15:49:15+00:00,0.0,0.0035283068177778,77.109375,1,run_2026_04_26_1826,15,49,6,1
2026-04-26 15:49:30+00:00,0.0,0.0035283068177778,77.109375,1,run_2026_04_26_1826,15,49,6,1
2026-04-26 15:49:45+00:00,0.0,0.0035283068177778,77.109375,1,run_2026_04_26_1826,15,49,6,1
2026-04-26 15:50:00+00:00,0.0,0.0035283068177778,77.109375,1,run_2026_04_26_1826,15,50,6,1
2026-04-26 15:50:15+00:00,0.0,0.0035283068177778,77.109375,1,run_2026_04_26_1826,15,50,6,1
2026-04-26 15:50:30+00:00,0.0,0.0035283068177778,77.109375,1,run_2026_04_26_1826,15,50,6,1
2026-04-26 15:50:45+00:00,0.0,0.0035283068177778,77.109375,1,run_2026_04_26_1826,15,50,6,1
2026-04-26 15:51:00+00:00,0.0,0.0035283068177778,77.109375,1,run_2026_04_26_1826,15,51,6,1
2026-04-26 15:51:15+00:00,0.0,0.0035283068177778,77.109375,1,run_2026_04_26_1826,15,51,6,1
2026-04-26 15:51:30+00:00,0.0,0.0035283068177778,77.109375,1,run_2026_04_26_1826,15,51,6,1
2026-04-26 15:51:45+00:00,0.0,0.0035283068177778,77.109375,1,run_2026_04_26_1826,15,51,6,1
2026-04-26 15:52:00+00:00,0.0,0.0035283068177778,77.109375,1,run_2026_04_26_1826,15,52,6,1
2026-04-26 15:52:15+00:00,0.0,0.0035283068177778,77.109375,1,run_2026_04_26_1826,15,52,6,1
2026-04-26 15:52:30+00:00,0.0,0.0035283068177778,77.109375,1,run_2026_04_26_1826,15,52,6,1
2026-04-26 15:52:45+00:00,0.0,0.0035283068177778,77.109375,1,run_2026_04_26_1826,15,52,6,1
2026-04-26 15:53:00+00:00,0.0,0.0035283068177778,77.109375,1,run_2026_04_26_1826,15,53,6,1
2026-04-26 15:53:15+00:00,0.0,0.0035283068177778,77.109375,1,run_2026_04_26_1826,15,53,6,1
2026-04-26 15:53:30+00:00,0.0,0.0035283068177778,77.109375,1,run_2026_04_26_1826,15,53,6,1
2026-04-26 15:53:45+00:00,0.0,0.0035283068177778,77.109375,1,run_2026_04_26_1826,15,53,6,1
2026-04-26 15:54:00+00:00,0.0,0.0035283068177778,77.109375,1,run_2026_04_26_1826,15,54,6,1
2026-04-26 15:54:15+00:00,0.0,0.0035283068177778,77.109375,1,run_2026_04_26_1826,15,54,6,1
2026-04-26 15:54:30+00:00,0.0,0.0035283068177778,77.109375,1,run_2026_04_26_1826,15,54,6,1
2026-04-26 15:54:45+00:00,0.0,0.0035283068177778,77.109375,1,run_2026_04_26_1826,15,54,6,1
2026-04-26 15:55:00+00:00,0.0,0.0035283068177778,77.109375,1,run_2026_04_26_1826,15,55,6,1
2026-04-26 15:55:15+00:00,0.0,0.0035283068177778,77.109375,1,run_2026_04_26_1826,15,55,6,1
2026-04-26 15:55:30+00:00,0.0,0.0035283068177778,77.109375,1,run_2026_04_26_1826,15,55,6,1
2026-04-26 15:55:45+00:00,0.0,0.0035283068177778,77.109375,1,run_2026_04_26_1826,15,55,6,1
2026-04-26 15:56:00+00:00,0.0,0.0035283068177778,77.109375,1,run_2026_04_26_1826,15,56,6,1
2026-04-26 15:56:15+00:00,0.0,0.0035283068177778,77.109375,1,run_2026_04_26_1826,15,56,6,1
2026-04-26 15:56:30+00:00,0.0,0.0035283068177778,77.109375,1,run_2026_04_26_1826,15,56,6,1
2026-04-26 15:56:45+00:00,0.0,0.0035283068177778,77.109375,1,run_2026_04_26_1826,15,56,6,1
2026-04-26 15:57:00+00:00,0.0,0.0035283068177778,77.109375,1,run_2026_04_26_1826,15,57,6,1
2026-04-26 15:57:15+00:00,0.0,0.0035283068177778,77.109375,1,run_2026_04_26_1826,15,57,6,1
2026-04-26 15:57:30+00:00,0.0,0.0035283068177778,77.109375,1,run_2026_04_26_1826,15,57,6,1
2026-04-26 15:57:45+00:00,0.0,0.0035283068177778,77.109375,1,run_2026_04_26_1826,15,57,6,1
2026-04-26 15:58:00+00:00,0.0,0.0035283068177778,77.109375,1,run_2026_04_26_1826,15,58,6,1
2026-04-26 15:58:15+00:00,0.0,0.0035283068177778,77.109375,1,run_2026_04_26_1826,15,58,6,1
2026-04-26 15:58:30+00:00,0.0,0.0035283068177778,77.109375,1,run_2026_04_26_1826,15,58,6,1
2026-04-26 15:58:45+00:00,0.0,0.0035283068177778,77.109375,1,run_2026_04_26_1826,15,58,6,1
2026-04-26 15:59:00+00:00,0.0,0.0035283068177778,77.109375,1,run_2026_04_26_1826,15,59,6,1
2026-04-26 15:59:15+00:00,0.0,0.0035283068177778,77.109375,1,run_2026_04_26_1826,15,59,6,1
2026-04-26 15:59:30+00:00,0.0,0.0035283068177778,77.109375,1,run_2026_04_26_1826,15,59,6,1
2026-04-26 15:59:45+00:00,0.0,0.0035283068177778,77.109375,1,run_2026_04_26_1826,15,59,6,1
2026-04-26 16:00:00+00:00,0.0,0.0035283068177778,77.109375,1,run_2026_04_26_1826,16,0,6,1
2026-04-26 16:00:15+00:00,0.0,0.0035283068177778,77.109375,1,run_2026_04_26_1826,16,0,6,1
2026-04-26 16:00:30+00:00,0.0,0.0035283068177778,77.109375,1,run_2026_04_26_1826,16,0,6,1
2026-04-26 16:00:45+00:00,0.0,0.0035283068177778,77.109375,1,run_2026_04_26_1826,16,0,6,1
2026-04-26 16:01:00+00:00,0.0,0.0035283068177778,77.109375,1,run_2026_04_26_1826,16,1,6,1
2026-04-26 16:01:15+00:00,0.0,0.0035283068177778,77.109375,1,run_2026_04_26_1826,16,1,6,1
2026-04-26 16:01:30+00:00,0.0,0.0035283068177778,77.109375,1,run_2026_04_26_1826,16,1,6,1
2026-04-26 16:01:45+00:00,0.0,0.0035283068177778,77.109375,1,run_2026_04_26_1826,16,1,6,1
2026-04-26 16:02:00+00:00,0.0,0.0035283068177778,77.109375,1,run_2026_04_26_1826,16,2,6,1
2026-04-26 16:02:15+00:00,0.0,0.0035283068177778,77.109375,1,run_2026_04_26_1826,16,2,6,1
2026-04-26 16:02:30+00:00,0.0,0.0035283068177778,77.109375,1,run_2026_04_26_1826,16,2,6,1
2026-04-26 16:02:45+00:00,0.0,0.0035283068177778,77.109375,1,run_2026_04_26_1826,16,2,6,1
2026-04-26 16:03:00+00:00,0.0,0.0035283068177778,77.109375,1,run_2026_04_26_1826,16,3,6,1
2026-04-26 16:03:15+00:00,0.0,0.0035283068177778,77.109375,1,run_2026_04_26_1826,16,3,6,1
2026-04-26 16:03:30+00:00,0.0,0.0035283068177778,77.109375,1,run_2026_04_26_1826,16,3,6,1
2026-04-26 16:03:45+00:00,0.0,0.0035283068177778,77.109375,1,run_2026_04_26_1826,16,3,6,1
2026-04-26 16:04:00+00:00,0.0,0.0035283068177778,77.109375,1,run_2026_04_26_1826,16,4,6,1
2026-04-26 16:04:15+00:00,0.0,0.0035283068177778,77.109375,1,run_2026_04_26_1826,16,4,6,1
2026-04-26 16:04:30+00:00,0.0,0.0035283068177778,77.109375,1,run_2026_04_26_1826,16,4,6,1
2026-04-26 16:04:45+00:00,0.0,0.0035283068177778,77.109375,1,run_2026_04_26_1826,16,4,6,1
2026-04-26 16:05:00+00:00,0.0,0.0035283068177778,77.109375,1,run_2026_04_26_1826,16,5,6,1
2026-04-26 16:05:15+00:00,0.0,0.0035283068177778,77.109375,1,run_2026_04_26_1826,16,5,6,1
2026-04-26 16:05:30+00:00,0.0,0.0035283068177778,77.109375,1,run_2026_04_26_1826,16,5,6,1
2026-04-26 16:05:45+00:00,0.0,0.0035283068177778,77.109375,1,run_2026_04_26_1826,16,5,6,1
2026-04-26 16:06:00+00:00,0.0,0.0035283068177778,77.109375,1,run_2026_04_26_1826,16,6,6,1
2026-04-26 16:06:15+00:00,0.0,0.0035283068177778,77.109375,1,run_2026_04_26_1826,16,6,6,1
2026-04-26 16:06:30+00:00,0.0,0.0035283068177778,77.109375,1,run_2026_04_26_1826,16,6,6,1
2026-04-26 16:06:45+00:00,0.0,0.0035283068177778,77.109375,1,run_2026_04_26_1826,16,6,6,1
2026-04-26 16:07:00+00:00,0.0,0.0035283068177778,77.109375,1,run_2026_04_26_1826,16,7,6,1
2026-04-26 16:07:15+00:00,0.0,0.0035283068177778,77.109375,1,run_2026_04_26_1826,16,7,6,1
2026-04-26 16:07:30+00:00,0.0,0.0035283068177778,77.109375,1,run_2026_04_26_1826,16,7,6,1
2026-04-26 16:07:45+00:00,0.0,0.0035283068177778,77.109375,1,run_2026_04_26_1826,16,7,6,1
2026-04-26 16:08:00+00:00,0.0,0.0035283068177778,77.109375,1,run_2026_04_26_1826,16,8,6,1
2026-04-26 16:08:15+00:00,0.0,0.0035283068177778,77.109375,1,run_2026_04_26_1826,16,8,6,1
2026-04-26 16:08:30+00:00,0.0,0.0035283068177778,77.109375,1,run_2026_04_26_1826,16,8,6,1
2026-04-26 16:08:45+00:00,0.0,0.0035283068177778,77.109375,1,run_2026_04_26_1826,16,8,6,1
2026-04-26 16:09:00+00:00,0.0,0.0035283068177778,77.109375,1,run_2026_04_26_1826,16,9,6,1
2026-04-26 16:09:15+00:00,0.0,0.0035283068177778,77.109375,1,run_2026_04_26_1826,16,9,6,1
2026-04-26 16:09:30+00:00,0.0,0.0035283068177778,77.109375,1,run_2026_04_26_1826,16,9,6,1
2026-04-26 16:09:45+00:00,0.0,0.0035283068177778,77.109375,1,run_2026_04_26_1826,16,9,6,1
2026-04-26 16:10:00+00:00,0.0,0.0035283068177778,77.109375,1,run_2026_04_26_1826,16,10,6,1
2026-04-26 16:10:15+00:00,0.0,0.0035283068177778,77.109375,1,run_2026_04_26_1826,16,10,6,1
2026-04-26 16:10:30+00:00,0.0,0.0035283068177778,77.109375,1,run_2026_04_26_1826,16,10,6,1
2026-04-26 16:10:45+00:00,0.0,0.0035283068177778,77.109375,1,run_2026_04_26_1826,16,10,6,1
2026-04-26 16:11:00+00:00,0.0,0.0035283068177778,77.109375,1,run_2026_04_26_1826,16,11,6,1
2026-04-26 16:11:15+00:00,0.0,0.0035283068177778,77.109375,1,run_2026_04_26_1826,16,11,6,1
2026-04-26 16:11:30+00:00,0.0,0.0035283068177778,77.109375,1,run_2026_04_26_1826,16,11,6,1
2026-04-26 16:11:45+00:00,0.0,0.0035283068177778,77.109375,1,run_2026_04_26_1826,16,11,6,1
2026-04-26 16:12:00+00:00,0.0,0.0035283068177778,77.109375,1,run_2026_04_26_1826,16,12,6,1
2026-04-26 16:12:15+00:00,0.0,0.0035283068177778,77.109375,1,run_2026_04_26_1826,16,12,6,1
2026-04-26 16:12:30+00:00,0.0,0.0035283068177778,77.109375,1,run_2026_04_26_1826,16,12,6,1
2026-04-26 16:12:45+00:00,0.0,0.0035283068177778,77.109375,1,run_2026_04_26_1826,16,12,6,1
2026-04-26 16:13:00+00:00,0.0,0.0035283068177778,77.109375,1,run_2026_04_26_1826,16,13,6,1
2026-04-26 16:13:15+00:00,0.0,0.0035283068177778,77.109375,1,run_2026_04_26_1826,16,13,6,1
2026-04-26 16:13:30+00:00,0.0,0.0035283068177778,77.109375,1,run_2026_04_26_1826,16,13,6,1
2026-04-26 16:13:45+00:00,0.0,0.0035283068177778,77.109375,1,run_2026_04_26_1826,16,13,6,1
2026-04-26 16:14:00+00:00,0.0,0.0035283068177778,77.109375,1,run_2026_04_26_1826,16,14,6,1
2026-04-26 16:14:15+00:00,0.0,0.0035283068177778,77.109375,1,run_2026_04_26_1826,16,14,6,1
2026-04-26 16:14:30+00:00,0.0,0.0035283068177778,77.109375,1,run_2026_04_26_1826,16,14,6,1
2026-04-26 16:14:45+00:00,0.0,0.0035283068177778,77.109375,1,run_2026_04_26_1826,16,14,6,1
2026-04-26 16:15:00+00:00,0.0,0.0035283068177778,77.109375,1,run_2026_04_26_1826,16,15,6,1
2026-04-26 16:15:15+00:00,0.0,0.0035283068177778,77.109375,1,run_2026_04_26_1826,16,15,6,1
2026-04-26 16:15:30+00:00,0.0,0.0035283068177778,77.109375,1,run_2026_04_26_1826,16,15,6,1
2026-04-26 16:15:45+00:00,0.0,0.0035283068177778,77.109375,1,run_2026_04_26_1826,16,15,6,1
2026-04-26 16:16:00+00:00,0.0,0.0035283068177778,77.109375,1,run_2026_04_26_1826,16,16,6,1
2026-04-26 16:16:15+00:00,0.0,0.0035283068177778,77.109375,1,run_2026_04_26_1826,16,16,6,1
2026-04-26 16:16:30+00:00,0.0,0.0035283068177778,77.109375,1,run_2026_04_26_1826,16,16,6,1
2026-04-26 16:16:45+00:00,0.0,0.0035283068177778,77.109375,1,run_2026_04_26_1826,16,16,6,1
2026-04-26 16:17:00+00:00,0.0,0.0035283068177778,77.109375,1,run_2026_04_26_1826,16,17,6,1
2026-04-26 16:17:15+00:00,0.0,0.0035283068177778,77.109375,1,run_2026_04_26_1826,16,17,6,1
2026-04-26 16:17:30+00:00,0.0,0.0035283068177778,77.109375,1,run_2026_04_26_1826,16,17,6,1
2026-04-26 16:17:45+00:00,0.0,0.0035283068177778,77.109375,1,run_2026_04_26_1826,16,17,6,1
2026-04-26 16:18:00+00:00,0.0,0.0035283068177778,77.109375,1,run_2026_04_26_1826,16,18,6,1
2026-04-26 16:18:15+00:00,0.0,0.0035283068177778,77.109375,1,run_2026_04_26_1826,16,18,6,1
2026-04-26 16:18:30+00:00,0.0,0.0035283068177778,77.109375,1,run_2026_04_26_1826,16,18,6,1
2026-04-26 16:18:45+00:00,0.0,0.0035283068177778,77.109375,1,run_2026_04_26_1826,16,18,6,1
2026-04-26 16:19:00+00:00,0.0,0.0035283068177778,77.109375,1,run_2026_04_26_1826,16,19,6,1
2026-04-26 16:19:15+00:00,0.0,0.0035283068177778,77.109375,1,run_2026_04_26_1826,16,19,6,1
2026-04-26 16:19:30+00:00,0.0,0.0035283068177778,77.109375,1,run_2026_04_26_1826,16,19,6,1
2026-04-26 16:19:45+00:00,0.0,0.0035283068177778,77.109375,1,run_2026_04_26_1826,16,19,6,1
2026-04-26 16:20:00+00:00,0.0,0.0035283068177778,77.109375,1,run_2026_04_26_1826,16,20,6,1
2026-04-26 16:20:15+00:00,0.0,0.0035283068177778,77.109375,1,run_2026_04_26_1826,16,20,6,1
2026-04-26 16:20:30+00:00,0.0,0.0035283068177778,77.109375,1,run_2026_04_26_1826,16,20,6,1
2026-04-26 16:20:45+00:00,0.0,0.0035283068177778,77.109375,1,run_2026_04_26_1826,16,20,6,1
2026-04-26 16:21:00+00:00,0.0,0.0035283068177778,77.109375,1,run_2026_04_26_1826,16,21,6,1
2026-04-26 16:21:15+00:00,0.0,0.0035283068177778,77.109375,1,run_2026_04_26_1826,16,21,6,1
2026-04-26 16:21:30+00:00,0.0,0.0035283068177778,77.109375,1,run_2026_04_26_1826,16,21,6,1
2026-04-26 16:21:45+00:00,0.0,0.0035283068177778,77.109375,1,run_2026_04_26_1826,16,21,6,1
2026-04-26 16:22:00+00:00,0.0,0.0035283068177778,77.109375,1,run_2026_04_26_1826,16,22,6,1
2026-04-26 16:22:15+00:00,0.0,0.0035283068177778,77.109375,1,run_2026_04_26_1826,16,22,6,1
2026-04-26 16:22:30+00:00,0.0,0.0035283068177778,77.109375,1,run_2026_04_26_1826,16,22,6,1
2026-04-26 16:22:45+00:00,0.0,0.0035283068177778,77.109375,1,run_2026_04_26_1826,16,22,6,1
2026-04-26 16:23:00+00:00,0.0,0.0035283068177778,77.109375,1,run_2026_04_26_1826,16,23,6,1
2026-04-26 16:23:15+00:00,0.0,0.0035283068177778,77.109375,1,run_2026_04_26_1826,16,23,6,1
2026-04-26 16:23:30+00:00,0.0,0.0035283068177778,77.109375,1,run_2026_04_26_1826,16,23,6,1
2026-04-26 16:23:45+00:00,0.0,0.0035283068177778,77.109375,1,run_2026_04_26_1826,16,23,6,1
2026-04-26 16:24:00+00:00,0.0,0.0035283068177778,77.109375,1,run_2026_04_26_1826,16,24,6,1
2026-04-26 16:24:15+00:00,0.0,0.0035283068177778,77.109375,1,run_2026_04_26_1826,16,24,6,1
2026-04-26 16:24:30+00:00,0.0,0.0035283068177778,77.109375,1,run_2026_04_26_1826,16,24,6,1
2026-04-26 16:24:45+00:00,0.0,0.0035283068177778,77.109375,1,run_2026_04_26_1826,16,24,6,1
2026-04-26 16:25:00+00:00,0.0,0.0035283068177778,77.109375,1,run_2026_04_26_1826,16,25,6,1
2026-04-27 17:24:30+00:00,0.3294688888888889,0.0096926321022761,64.90234375,1,run_2026_04_27_2024,17,24,0,1
2026-04-27 17:24:45+00:00,0.3294688888888889,0.0096926321022761,67.65234375,1,run_2026_04_27_2024,17,24,0,1
2026-04-27 17:25:00+00:00,0.3294688888888889,0.0146556369156926,68.65234375,1,run_2026_04_27_2024,17,25,0,1
2026-04-27 17:25:15+00:00,0.8556066757474994,0.0218485031428672,68.3984375,1,run_2026_04_27_2024,17,25,0,1
2026-04-27 17:25:30+00:00,1.6546695384261392,0.0291226939398782,68.77734375,1,run_2026_04_27_2024,17,25,0,1
2026-04-27 17:25:45+00:00,2.4038795952808694,0.038820209514477,69.01171875,1,run_2026_04_27_2024,17,25,0,1
2026-04-27 17:26:00+00:00,3.0066009584953437,0.0417452979473731,69.9375,1,run_2026_04_27_2024,17,26,0,2
2026-04-27 17:26:15+00:00,3.3625870456930267,0.0424370886196699,70.35546875,1,run_2026_04_27_2024,17,26,0,2
2026-04-27 17:26:30+00:00,3.81759842611893,0.0446608895238541,70.6796875,1,run_2026_04_27_2024,17,26,0,3
2026-04-27 17:26:45+00:00,4.774315566113891,0.0486818968102036,71.51171875,1,run_2026_04_27_2024,17,26,0,3
2026-04-27 17:27:00+00:00,6.132282084975909,0.0650924879544458,69.96484375,2,run_2026_04_27_2024,17,27,0,3
2026-04-27 17:27:15+00:00,8.014325333566266,0.0888736527858281,70.130859375,2,run_2026_04_27_2024,17,27,0,3
2026-04-27 17:27:30+00:00,9.815434382824098,0.1220053011992189,70.515625,3,run_2026_04_27_2024,17,27,0,3
2026-04-27 17:27:45+00:00,11.288684790376452,0.1426833106459467,70.6796875,3,run_2026_04_27_2024,17,27,0,3
2026-04-27 17:28:00+00:00,12.72031411679447,0.155695049626531,71.45572916666667,3,run_2026_04_27_2024,17,28,0,4
2026-04-27 17:28:15+00:00,14.642539520693266,0.1552701495662647,72.10026041666667,3,run_2026_04_27_2024,17,28,0,5
2026-04-27 17:28:30+00:00,16.827827742794916,0.1621716779191012,72.42447916666667,3,run_2026_04_27_2024,17,28,0,5
2026-04-27 17:28:45+00:00,18.78652917737054,0.1887299380416647,72.78255208333333,3,run_2026_04_27_2024,17,28,0,5
2026-04-27 17:29:00+00:00,20.304034985023307,0.1936242017511065,71.421875,4,run_2026_04_27_2024,17,29,0,5
2026-04-27 17:29:15+00:00,21.964184937661297,0.2028634950128443,71.01328125,5,run_2026_04_27_2024,17,29,0,5
2026-04-27 17:29:30+00:00,23.779735507102515,0.2048727156074312,71.7203125,5,run_2026_04_27_2024,17,29,0,5
2026-04-27 17:29:45+00:00,27.783642807765546,0.2367851982948134,72.3109375,5,run_2026_04_27_2024,17,29,0,5
2026-04-27 17:30:00+00:00,33.6527173306286,0.2939199319063687,72.946875,5,run_2026_04_27_2024,17,30,0,5
2026-04-27 17:30:15+00:00,41.14888355734219,0.3559619786933004,73.7578125,5,run_2026_04_27_2024,17,30,0,5
2026-04-27 17:30:30+00:00,48.78330981115009,0.4138019043641296,74.64453125,5,run_2026_04_27_2024,17,30,0,5
2026-04-27 17:30:45+00:00,56.38787905105784,0.4726781610698137,75.44765625,5,run_2026_04_27_2024,17,30,0,5
2026-04-27 17:31:00+00:00,64.41002350415444,0.5254624054370084,76.59296875,5,run_2026_04_27_2024,17,31,0,5
2026-04-27 17:31:15+00:00,71.43628256516116,0.5961984677698167,77.1484375,5,run_2026_04_27_2024,17,31,0,5
2026-04-27 17:31:30+00:00,77.50083720176,0.6476164711586943,77.453125,5,run_2026_04_27_2024,17,31,0,5
2026-04-27 17:31:45+00:00,81.4388622121621,0.6851432063932306,77.5546875,5,run_2026_04_27_2024,17,31,0,5
2026-04-27 17:32:00+00:00,83.9713158732069,0.709209769998447,77.83046875,5,run_2026_04_27_2024,17,32,0,5
2026-04-27 17:32:15+00:00,84.30783576510268,0.7153549524380541,77.9921875,5,run_2026_04_27_2024,17,32,0,5
2026-04-27 17:32:30+00:00,84.81909478723861,0.7141006039352608,78.23671875,5,run_2026_04_27_2024,17,32,0,5
2026-04-27 17:32:45+00:00,85.02080331507116,0.6973816416949031,78.471875,5,run_2026_04_27_2024,17,32,0,5
2026-04-27 17:33:00+00:00,85.5783135726512,0.6924137397227246,78.5796875,5,run_2026_04_27_2024,17,33,0,5
2026-04-27 17:33:15+00:00,85.3574044002831,0.695643390838847,78.75,5,run_2026_04_27_2024,17,33,0,5
2026-04-27 17:33:30+00:00,85.08863241443332,0.6995275643875672,78.86875,5,run_2026_04_27_2024,17,33,0,5
2026-04-27 17:33:45+00:00,84.6242590915148,0.7235277279204615,78.98828125,5,run_2026_04_27_2024,17,33,0,5
2026-04-27 17:34:00+00:00,84.15252496694377,0.7144643947722312,78.96484375,5,run_2026_04_27_2024,17,34,0,5
2026-04-27 17:34:15+00:00,84.17841981930754,0.7078791209151913,79.021875,5,run_2026_04_27_2024,17,34,0,5
2026-04-27 17:34:30+00:00,83.57119976409153,0.6611245213101242,78.959375,5,run_2026_04_27_2024,17,34,0,5
2026-04-27 17:34:45+00:00,80.4893006751022,0.6277107619024322,79.13203125,5,run_2026_04_27_2024,17,34,0,5
2026-04-27 17:35:00+00:00,74.39752849690723,0.5920447252818541,79.0546875,5,run_2026_04_27_2024,17,35,0,5
2026-04-27 17:35:15+00:00,66.68814459828319,0.5614151639361472,79.06953125,5,run_2026_04_27_2024,17,35,0,5
2026-04-27 17:35:30+00:00,58.55938769069507,0.5376345188033791,79.13984375,5,run_2026_04_27_2024,17,35,0,5
2026-04-27 17:35:45+00:00,50.03555054217643,0.4629427264636591,79.06328125,5,run_2026_04_27_2024,17,35,0,5
2026-04-27 17:36:00+00:00,41.87540304053066,0.3853362814823766,79.12890625,5,run_2026_04_27_2024,17,36,0,5
2026-04-27 17:36:15+00:00,33.01455372090344,0.3037776507359537,79.24375,5,run_2026_04_27_2024,17,36,0,5
2026-04-27 17:36:30+00:00,24.91660276670168,0.2462411926445326,79.35078125,5,run_2026_04_27_2024,17,36,0,5
2026-04-27 17:36:45+00:00,18.49643077384192,0.2013013437648757,79.2828125,5,run_2026_04_27_2024,17,36,0,5
2026-04-27 17:37:00+00:00,14.736870974515142,0.1650083418955583,79.25390625,5,run_2026_04_27_2024,17,37,0,5
2026-04-27 17:37:15+00:00,12.717305239626498,0.1369457187272989,79.22578125,5,run_2026_04_27_2024,17,37,0,5
2026-04-27 17:37:30+00:00,10.51391482173024,0.1175058276926538,79.15,5,run_2026_04_27_2024,17,37,0,5
2026-04-27 17:37:45+00:00,8.559550012227927,0.0927280804344432,79.2,5,run_2026_04_27_2024,17,37,0,5
2026-04-27 17:38:00+00:00,6.356685633001423,0.0785020577719049,79.14921875,5,run_2026_04_27_2024,17,38,0,5
2026-04-27 17:38:15+00:00,4.157218442932729,0.0561792993707719,79.11484375,5,run_2026_04_27_2024,17,38,0,5
2026-04-27 17:38:30+00:00,2.347962654218073,0.0436786248212004,79.084375,5,run_2026_04_27_2024,17,38,0,5
2026-04-27 17:38:45+00:00,1.0643006448743606,0.0341442827053476,79.084375,5,run_2026_04_27_2024,17,38,0,5
2026-04-27 17:39:00+00:00,0.0,0.0200964507031359,79.07578125,5,run_2026_04_27_2024,17,39,0,5
2026-04-27 17:39:15+00:00,0.0,0.0059318001888889,79.07578125,5,run_2026_04_27_2024,17,39,0,5
2026-04-27 17:39:30+00:00,0.0,0.0059318001888889,79.07578125,5,run_2026_04_27_2024,17,39,0,5
2026-04-27 17:39:45+00:00,0.0,0.0059318001888889,79.07578125,5,run_2026_04_27_2024,17,39,0,5
2026-04-27 17:40:00+00:00,0.0,0.0059318001888889,79.07578125,5,run_2026_04_27_2024,17,40,0,5
2026-04-27 17:40:15+00:00,0.0,0.0059318001888889,79.07578125,5,run_2026_04_27_2024,17,40,0,5
2026-04-27 17:40:30+00:00,0.0,0.0059318001888889,79.07578125,5,run_2026_04_27_2024,17,40,0,5
2026-04-27 17:40:45+00:00,0.0,0.0059318001888889,79.07578125,5,run_2026_04_27_2024,17,40,0,4
2026-04-27 17:41:00+00:00,0.0,0.0059318001888889,79.07578125,5,run_2026_04_27_2024,17,41,0,3
2026-04-27 17:41:15+00:00,0.0,0.0059318001888889,79.07578125,5,run_2026_04_27_2024,17,41,0,3
2026-04-27 17:41:30+00:00,0.0,0.0059318001888889,79.07578125,5,run_2026_04_27_2024,17,41,0,3
2026-04-27 17:41:45+00:00,0.0,0.0059318001888889,79.07578125,4,run_2026_04_27_2024,17,41,0,3
2026-04-27 17:42:00+00:00,0.0,0.0059318001888889,79.07578125,3,run_2026_04_27_2024,17,42,0,2
2026-04-27 17:42:15+00:00,0.0,0.0059318001888889,79.07578125,3,run_2026_04_27_2024,17,42,0,1
2026-04-27 17:42:30+00:00,0.0,0.0059318001888889,79.07578125,3,run_2026_04_27_2024,17,42,0,1
2026-04-27 17:42:45+00:00,0.0,0.0059318001888889,79.07578125,3,run_2026_04_27_2024,17,42,0,1
2026-04-27 17:43:00+00:00,0.0,0.0059318001888889,79.07578125,2,run_2026_04_27_2024,17,43,0,1
2026-04-27 17:43:15+00:00,0.0,0.0059318001888889,79.07578125,1,run_2026_04_27_2024,17,43,0,1
2026-04-27 17:43:30+00:00,0.0,0.0059318001888889,79.07578125,1,run_2026_04_27_2024,17,43,0,1
2026-04-27 17:43:45+00:00,0.0,0.0059318001888889,79.13671875,1,run_2026_04_27_2024,17,43,0,1
2026-04-27 17:44:00+00:00,0.0,0.0059318001888889,79.13671875,1,run_2026_04_27_2024,17,44,0,1
2026-04-27 17:44:15+00:00,0.0,0.0059318001888889,79.13671875,1,run_2026_04_27_2024,17,44,0,1
2026-04-27 17:44:30+00:00,0.0,0.0059318001888889,79.13671875,1,run_2026_04_27_2024,17,44,0,1
2026-04-27 17:44:45+00:00,0.0,0.0059318001888889,79.13671875,1,run_2026_04_27_2024,17,44,0,1
2026-04-27 17:45:00+00:00,0.0,0.0059318001888889,79.13671875,1,run_2026_04_27_2024,17,45,0,1
2026-04-27 17:45:15+00:00,0.0,0.0059318001888889,79.13671875,1,run_2026_04_27_2024,17,45,0,1
2026-04-27 17:45:30+00:00,0.0,0.0059318001888889,79.13671875,1,run_2026_04_27_2024,17,45,0,1
2026-04-27 17:45:45+00:00,0.0,0.0059318001888889,79.13671875,1,run_2026_04_27_2024,17,45,0,1
2026-04-27 17:46:00+00:00,0.0,0.0059318001888889,79.13671875,1,run_2026_04_27_2024,17,46,0,1
2026-04-27 17:46:15+00:00,0.0,0.0059318001888889,79.13671875,1,run_2026_04_27_2024,17,46,0,1
2026-04-27 17:46:30+00:00,0.0,0.0059318001888889,79.13671875,1,run_2026_04_27_2024,17,46,0,1
2026-04-27 17:46:45+00:00,0.0,0.0059318001888889,79.13671875,1,run_2026_04_27_2024,17,46,0,1
2026-04-27 17:47:00+00:00,0.0,0.0059318001888889,79.13671875,1,run_2026_04_27_2024,17,47,0,1
2026-04-27 17:47:15+00:00,0.0,0.0059318001888889,79.13671875,1,run_2026_04_27_2024,17,47,0,1
2026-04-27 17:47:30+00:00,0.0,0.0059318001888889,79.13671875,1,run_2026_04_27_2024,17,47,0,1
2026-04-27 17:47:45+00:00,0.0,0.0059318001888889,79.13671875,1,run_2026_04_27_2024,17,47,0,1
2026-04-27 17:48:00+00:00,0.0,0.0059318001888889,79.13671875,1,run_2026_04_27_2024,17,48,0,1
2026-04-27 17:48:15+00:00,0.0,0.0059318001888889,79.13671875,1,run_2026_04_27_2024,17,48,0,1
2026-04-27 17:48:30+00:00,0.0,0.0059318001888889,79.13671875,1,run_2026_04_27_2024,17,48,0,1
2026-04-27 17:48:45+00:00,0.0,0.0059318001888889,79.13671875,1,run_2026_04_27_2024,17,48,0,1
2026-04-27 17:49:00+00:00,0.0,0.0059318001888889,79.13671875,1,run_2026_04_27_2024,17,49,0,1
2026-04-27 17:49:15+00:00,0.0,0.0059318001888889,79.13671875,1,run_2026_04_27_2024,17,49,0,1
2026-04-27 17:49:30+00:00,0.0,0.0059318001888889,79.13671875,1,run_2026_04_27_2024,17,49,0,1
2026-04-27 17:49:45+00:00,0.0,0.0059318001888889,79.13671875,1,run_2026_04_27_2024,17,49,0,1
2026-04-27 17:50:00+00:00,0.0,0.0059318001888889,79.13671875,1,run_2026_04_27_2024,17,50,0,1
2026-04-27 17:50:15+00:00,0.0,0.0059318001888889,79.13671875,1,run_2026_04_27_2024,17,50,0,1
2026-04-27 17:50:30+00:00,0.0,0.0059318001888889,79.13671875,1,run_2026_04_27_2024,17,50,0,1
2026-04-27 17:50:45+00:00,0.0,0.0059318001888889,79.13671875,1,run_2026_04_27_2024,17,50,0,1
2026-04-27 17:51:00+00:00,0.0,0.0059318001888889,79.13671875,1,run_2026_04_27_2024,17,51,0,1
2026-04-27 17:51:15+00:00,0.0,0.0059318001888889,79.13671875,1,run_2026_04_27_2024,17,51,0,1
2026-04-27 17:51:30+00:00,0.0,0.0059318001888889,79.13671875,1,run_2026_04_27_2024,17,51,0,1
2026-04-27 17:51:45+00:00,0.0,0.0059318001888889,79.13671875,1,run_2026_04_27_2024,17,51,0,1
2026-04-27 17:52:00+00:00,0.0,0.0059318001888889,79.13671875,1,run_2026_04_27_2024,17,52,0,1
2026-04-27 17:52:15+00:00,0.0,0.0059318001888889,79.13671875,1,run_2026_04_27_2024,17,52,0,1
2026-04-27 17:52:30+00:00,0.0,0.0059318001888889,79.13671875,1,run_2026_04_27_2024,17,52,0,1
2026-04-27 17:52:45+00:00,0.0,0.0059318001888889,79.13671875,1,run_2026_04_27_2024,17,52,0,1
2026-04-27 17:53:00+00:00,0.0,0.0059318001888889,79.13671875,1,run_2026_04_27_2024,17,53,0,1
2026-04-27 17:53:15+00:00,0.0,0.0059318001888889,79.13671875,1,run_2026_04_27_2024,17,53,0,1
2026-04-27 17:53:30+00:00,0.0,0.0059318001888889,79.13671875,1,run_2026_04_27_2024,17,53,0,1
2026-04-27 17:53:45+00:00,0.0,0.0059318001888889,79.13671875,1,run_2026_04_27_2024,17,53,0,1
2026-04-27 17:54:00+00:00,0.0,0.0059318001888889,79.13671875,1,run_2026_04_27_2024,17,54,0,1
2026-04-27 17:54:15+00:00,0.0,0.0059318001888889,79.13671875,1,run_2026_04_27_2024,17,54,0,1
2026-04-27 17:54:30+00:00,0.0,0.0059318001888889,79.13671875,1,run_2026_04_27_2024,17,54,0,1
2026-04-27 17:54:45+00:00,0.0,0.0059318001888889,79.13671875,1,run_2026_04_27_2024,17,54,0,1
2026-04-27 17:55:00+00:00,0.0,0.0059318001888889,79.13671875,1,run_2026_04_27_2024,17,55,0,1
2026-04-27 17:55:15+00:00,0.0,0.0059318001888889,79.13671875,1,run_2026_04_27_2024,17,55,0,1
2026-04-27 17:55:30+00:00,0.0,0.0059318001888889,79.13671875,1,run_2026_04_27_2024,17,55,0,1
2026-04-27 17:55:45+00:00,0.0,0.0059318001888889,79.13671875,1,run_2026_04_27_2024,17,55,0,1
2026-04-27 17:56:00+00:00,0.0,0.0059318001888889,79.13671875,1,run_2026_04_27_2024,17,56,0,1
2026-04-27 17:56:15+00:00,0.0,0.0059318001888889,79.13671875,1,run_2026_04_27_2024,17,56,0,1
2026-04-27 17:56:30+00:00,0.0,0.0059318001888889,79.13671875,1,run_2026_04_27_2024,17,56,0,1
2026-04-27 17:56:45+00:00,0.0,0.0059318001888889,79.13671875,1,run_2026_04_27_2024,17,56,0,1
2026-04-27 17:57:00+00:00,0.0,0.0059318001888889,79.13671875,1,run_2026_04_27_2024,17,57,0,1
2026-04-27 17:57:15+00:00,0.0,0.0059318001888889,79.13671875,1,run_2026_04_27_2024,17,57,0,1
2026-04-27 17:57:30+00:00,0.0,0.0059318001888889,79.13671875,1,run_2026_04_27_2024,17,57,0,1
2026-04-27 17:57:45+00:00,0.0,0.0059318001888889,79.13671875,1,run_2026_04_27_2024,17,57,0,1
2026-04-27 17:58:00+00:00,0.0,0.0059318001888889,79.13671875,1,run_2026_04_27_2024,17,58,0,1
2026-04-27 17:58:15+00:00,0.0,0.0059318001888889,79.13671875,1,run_2026_04_27_2024,17,58,0,1
2026-04-27 17:58:30+00:00,0.0,0.0059318001888889,79.13671875,1,run_2026_04_27_2024,17,58,0,1
2026-04-27 17:58:45+00:00,0.0,0.0059318001888889,79.13671875,1,run_2026_04_27_2024,17,58,0,1
2026-04-27 17:59:00+00:00,0.0,0.0059318001888889,79.13671875,1,run_2026_04_27_2024,17,59,0,1
2026-04-27 17:59:15+00:00,0.0,0.0059318001888889,79.13671875,1,run_2026_04_27_2024,17,59,0,1
2026-04-27 17:59:30+00:00,0.0,0.0059318001888889,79.13671875,1,run_2026_04_27_2024,17,59,0,1
2026-04-27 17:59:45+00:00,0.0,0.0059318001888889,79.13671875,1,run_2026_04_27_2024,17,59,0,1
2026-04-27 18:00:00+00:00,0.0,0.0059318001888889,79.13671875,1,run_2026_04_27_2024,18,0,0,1
2026-04-27 18:00:15+00:00,0.0,0.0059318001888889,79.13671875,1,run_2026_04_27_2024,18,0,0,1
2026-04-27 18:00:30+00:00,0.0,0.0059318001888889,79.13671875,1,run_2026_04_27_2024,18,0,0,1
2026-04-27 18:00:45+00:00,0.0,0.0059318001888889,79.13671875,1,run_2026_04_27_2024,18,0,0,1
2026-04-27 18:01:00+00:00,0.0,0.0059318001888889,79.13671875,1,run_2026_04_27_2024,18,1,0,1
2026-04-27 18:01:15+00:00,0.0,0.0059318001888889,79.13671875,1,run_2026_04_27_2024,18,1,0,1
2026-04-27 18:01:30+00:00,0.0,0.0059318001888889,79.13671875,1,run_2026_04_27_2024,18,1,0,1
2026-04-27 18:01:45+00:00,0.0,0.0059318001888889,79.13671875,1,run_2026_04_27_2024,18,1,0,1
2026-04-27 18:02:00+00:00,0.0,0.0059318001888889,79.13671875,1,run_2026_04_27_2024,18,2,0,1
2026-04-27 18:02:15+00:00,0.0,0.0059318001888889,79.13671875,1,run_2026_04_27_2024,18,2,0,1
2026-04-27 18:02:30+00:00,0.0,0.0059318001888889,79.13671875,1,run_2026_04_27_2024,18,2,0,1
2026-04-27 18:02:45+00:00,0.0,0.0059318001888889,79.13671875,1,run_2026_04_27_2024,18,2,0,1
2026-04-27 18:03:00+00:00,0.0,0.0059318001888889,79.13671875,1,run_2026_04_27_2024,18,3,0,1
2026-04-27 18:03:15+00:00,0.0,0.0059318001888889,79.13671875,1,run_2026_04_27_2024,18,3,0,1
2026-04-27 18:03:30+00:00,0.0,0.0059318001888889,79.13671875,1,run_2026_04_27_2024,18,3,0,1
2026-04-27 18:03:45+00:00,0.0,0.0059318001888889,79.13671875,1,run_2026_04_27_2024,18,3,0,1
2026-04-27 18:04:00+00:00,0.0,0.0059318001888889,79.13671875,1,run_2026_04_27_2024,18,4,0,1
2026-04-27 18:04:15+00:00,0.0,0.0059318001888889,79.13671875,1,run_2026_04_27_2024,18,4,0,1
2026-04-27 18:04:30+00:00,0.0,0.0059318001888889,79.13671875,1,run_2026_04_27_2024,18,4,0,1
2026-04-27 18:04:45+00:00,0.0,0.0059318001888889,79.13671875,1,run_2026_04_27_2024,18,4,0,1
2026-04-27 18:05:00+00:00,0.0,0.0059318001888889,79.13671875,1,run_2026_04_27_2024,18,5,0,1
2026-04-27 18:05:15+00:00,0.0,0.0059318001888889,79.13671875,1,run_2026_04_27_2024,18,5,0,1
2026-04-27 18:05:30+00:00,0.0,0.0059318001888889,79.13671875,1,run_2026_04_27_2024,18,5,0,1
2026-04-27 18:05:45+00:00,0.0,0.0059318001888889,79.13671875,1,run_2026_04_27_2024,18,5,0,1
2026-04-27 18:06:00+00:00,0.0,0.0059318001888889,79.13671875,1,run_2026_04_27_2024,18,6,0,1
2026-04-27 18:06:15+00:00,0.0,0.0059318001888889,79.13671875,1,run_2026_04_27_2024,18,6,0,1
2026-04-27 18:06:30+00:00,0.0,0.0059318001888889,79.13671875,1,run_2026_04_27_2024,18,6,0,1
2026-04-27 18:06:45+00:00,0.0,0.0059318001888889,79.13671875,1,run_2026_04_27_2024,18,6,0,1
2026-04-27 18:07:00+00:00,0.0,0.0059318001888889,79.13671875,1,run_2026_04_27_2024,18,7,0,1
2026-04-27 18:07:15+00:00,0.0,0.0059318001888889,79.13671875,1,run_2026_04_27_2024,18,7,0,1
2026-04-27 18:07:30+00:00,0.0,0.0059318001888889,79.13671875,1,run_2026_04_27_2024,18,7,0,1
2026-04-27 18:07:45+00:00,0.0,0.0059318001888889,79.13671875,1,run_2026_04_27_2024,18,7,0,1
2026-04-27 18:08:00+00:00,0.0,0.0059318001888889,79.13671875,1,run_2026_04_27_2024,18,8,0,1
2026-04-27 18:08:15+00:00,0.0,0.0059318001888889,79.13671875,1,run_2026_04_27_2024,18,8,0,1
2026-04-27 18:08:30+00:00,0.0,0.0059318001888889,79.13671875,1,run_2026_04_27_2024,18,8,0,1
2026-04-27 18:08:45+00:00,0.0,0.0059318001888889,79.13671875,1,run_2026_04_27_2024,18,8,0,1
2026-04-27 18:09:00+00:00,0.0,0.0059318001888889,79.13671875,1,run_2026_04_27_2024,18,9,0,1
2026-04-27 18:09:15+00:00,0.0,0.0059318001888889,79.13671875,1,run_2026_04_27_2024,18,9,0,1
2026-04-27 18:09:30+00:00,0.0,0.0059318001888889,79.13671875,1,run_2026_04_27_2024,18,9,0,1
2026-04-27 18:09:45+00:00,0.0,0.0059318001888889,79.13671875,1,run_2026_04_27_2024,18,9,0,1
2026-04-27 18:10:00+00:00,0.0,0.0059318001888889,79.13671875,1,run_2026_04_27_2024,18,10,0,1
2026-04-27 18:10:15+00:00,0.0,0.0059318001888889,79.13671875,1,run_2026_04_27_2024,18,10,0,1
2026-04-27 18:10:30+00:00,0.0,0.0059318001888889,79.13671875,1,run_2026_04_27_2024,18,10,0,1
2026-04-27 18:10:45+00:00,0.0,0.0059318001888889,79.13671875,1,run_2026_04_27_2024,18,10,0,1
2026-04-27 18:11:00+00:00,0.0,0.0059318001888889,79.13671875,1,run_2026_04_27_2024,18,11,0,1
2026-04-27 18:11:15+00:00,0.0,0.0059318001888889,79.13671875,1,run_2026_04_27_2024,18,11,0,1
2026-04-27 18:11:30+00:00,0.0,0.0059318001888889,79.13671875,1,run_2026_04_27_2024,18,11,0,1
2026-04-27 18:11:45+00:00,0.0,0.0059318001888889,79.13671875,1,run_2026_04_27_2024,18,11,0,1
2026-04-27 18:12:00+00:00,0.0,0.0059318001888889,79.13671875,1,run_2026_04_27_2024,18,12,0,1
2026-04-27 18:12:15+00:00,0.0,0.0059318001888889,79.13671875,1,run_2026_04_27_2024,18,12,0,1
2026-04-27 18:12:30+00:00,0.0,0.0059318001888889,79.13671875,1,run_2026_04_27_2024,18,12,0,1
2026-04-27 18:12:45+00:00,0.0,0.0059318001888889,79.13671875,1,run_2026_04_27_2024,18,12,0,1
2026-04-27 18:13:00+00:00,0.0,0.0059318001888889,79.13671875,1,run_2026_04_27_2024,18,13,0,1
2026-04-27 18:13:15+00:00,0.0,0.0059318001888889,79.13671875,1,run_2026_04_27_2024,18,13,0,1
2026-04-27 18:13:30+00:00,0.0,0.0059318001888889,79.13671875,1,run_2026_04_27_2024,18,13,0,1
2026-04-27 18:13:45+00:00,0.0,0.0059318001888889,79.13671875,1,run_2026_04_27_2024,18,13,0,1
2026-04-27 18:14:00+00:00,0.0,0.0059318001888889,79.13671875,1,run_2026_04_27_2024,18,14,0,1
2026-04-27 18:14:15+00:00,0.0,0.0059318001888889,79.13671875,1,run_2026_04_27_2024,18,14,0,1
2026-04-27 18:14:30+00:00,0.0,0.0059318001888889,79.13671875,1,run_2026_04_27_2024,18,14,0,1
2026-04-27 18:14:45+00:00,0.0,0.0059318001888889,79.13671875,1,run_2026_04_27_2024,18,14,0,1
2026-04-27 18:15:00+00:00,0.0,0.0059318001888889,79.13671875,1,run_2026_04_27_2024,18,15,0,1
2026-04-27 18:15:15+00:00,0.0,0.0059318001888889,79.13671875,1,run_2026_04_27_2024,18,15,0,1
2026-04-27 18:15:30+00:00,0.0,0.0059318001888889,79.13671875,1,run_2026_04_27_2024,18,15,0,1
2026-04-27 18:15:45+00:00,0.0,0.0059318001888889,79.13671875,1,run_2026_04_27_2024,18,15,0,1
2026-04-27 18:16:00+00:00,0.0,0.0059318001888889,79.13671875,1,run_2026_04_27_2024,18,16,0,1
2026-04-27 18:16:15+00:00,0.0,0.0059318001888889,79.13671875,1,run_2026_04_27_2024,18,16,0,1
2026-04-27 18:16:30+00:00,0.0,0.0059318001888889,79.13671875,1,run_2026_04_27_2024,18,16,0,1
2026-04-27 18:16:45+00:00,0.0,0.0059318001888889,79.13671875,1,run_2026_04_27_2024,18,16,0,1
2026-04-27 18:17:00+00:00,0.0,0.0059318001888889,79.13671875,1,run_2026_04_27_2024,18,17,0,1
2026-04-27 18:17:15+00:00,0.0,0.0059318001888889,79.13671875,1,run_2026_04_27_2024,18,17,0,1
2026-04-27 18:17:30+00:00,0.0,0.0059318001888889,79.13671875,1,run_2026_04_27_2024,18,17,0,1
2026-04-27 18:17:45+00:00,0.0,0.0059318001888889,79.13671875,1,run_2026_04_27_2024,18,17,0,1
2026-04-27 18:18:00+00:00,0.0,0.0059318001888889,79.13671875,1,run_2026_04_27_2024,18,18,0,1
2026-04-27 18:18:15+00:00,0.0,0.0059318001888889,79.13671875,1,run_2026_04_27_2024,18,18,0,1
2026-04-27 18:18:30+00:00,0.0,0.0059318001888889,79.13671875,1,run_2026_04_27_2024,18,18,0,1
2026-04-27 18:18:45+00:00,0.0,0.0059318001888889,79.13671875,1,run_2026_04_27_2024,18,18,0,1
2026-04-27 18:19:00+00:00,0.0,0.0059318001888889,79.13671875,1,run_2026_04_27_2024,18,19,0,1
2026-04-27 18:19:15+00:00,0.0,0.0059318001888889,79.13671875,1,run_2026_04_27_2024,18,19,0,1
2026-04-27 18:19:30+00:00,0.0,0.0059318001888889,79.13671875,1,run_2026_04_27_2024,18,19,0,1
2026-04-27 18:19:45+00:00,0.0,0.0059318001888889,79.13671875,1,run_2026_04_27_2024,18,19,0,1
2026-04-27 18:20:00+00:00,0.0,0.0059318001888889,79.13671875,1,run_2026_04_27_2024,18,20,0,1
2026-04-27 18:20:15+00:00,0.0,0.0059318001888889,79.13671875,1,run_2026_04_27_2024,18,20,0,1
2026-04-27 18:20:30+00:00,0.0,0.0059318001888889,79.13671875,1,run_2026_04_27_2024,18,20,0,1
2026-04-27 18:20:45+00:00,0.0,0.0059318001888889,79.13671875,1,run_2026_04_27_2024,18,20,0,1
2026-04-27 18:21:00+00:00,0.0,0.0059318001888889,79.13671875,1,run_2026_04_27_2024,18,21,0,1
2026-04-27 18:21:15+00:00,0.0,0.0059318001888889,79.13671875,1,run_2026_04_27_2024,18,21,0,1
2026-04-27 18:21:30+00:00,0.0,0.0059318001888889,79.13671875,1,run_2026_04_27_2024,18,21,0,1
2026-04-27 18:21:45+00:00,0.0,0.0059318001888889,79.13671875,1,run_2026_04_27_2024,18,21,0,1
2026-04-27 18:22:00+00:00,0.0,0.0059318001888889,79.13671875,1,run_2026_04_27_2024,18,22,0,1
2026-04-27 18:22:15+00:00,0.0,0.0059318001888889,79.13671875,1,run_2026_04_27_2024,18,22,0,1
2026-04-27 18:22:30+00:00,0.0,0.0059318001888889,79.13671875,1,run_2026_04_27_2024,18,22,0,1
2026-04-27 18:22:45+00:00,0.0,0.0059318001888889,79.13671875,1,run_2026_04_27_2024,18,22,0,1
2026-04-27 18:23:00+00:00,0.0,0.0059318001888889,79.13671875,1,run_2026_04_27_2024,18,23,0,1
2026-04-27 18:24:00+00:00,0.0,0.0083107266743751,60.36328125,1,run_2026_04_27_2124,18,24,0,1
2026-04-27 18:24:15+00:00,0.0,0.0081055595121516,60.23828125,1,run_2026_04_27_2124,18,24,0,1
2026-04-27 18:24:30+00:00,0.0,0.0079786244939722,60.11328125,1,run_2026_04_27_2124,18,24,0,1
2026-04-27 18:24:45+00:00,0.0,0.0078163578872362,59.86328125,1,run_2026_04_27_2124,18,24,0,1
2026-04-27 18:25:00+00:00,0.0,0.0073431152245979,59.48828125,1,run_2026_04_27_2124,18,25,0,1
2026-04-27 18:25:15+00:00,0.0,0.0066646483983705,59.23828125,1,run_2026_04_27_2124,18,25,0,1
2026-04-27 18:25:30+00:00,0.0,0.0063537821852624,58.98828125,1,run_2026_04_27_2124,18,25,0,1
2026-04-27 18:25:45+00:00,0.0,0.0065723089930137,58.61328125,1,run_2026_04_27_2124,18,25,0,1
2026-04-27 18:26:00+00:00,0.177896375361352,0.0097559484100511,57.35546875,1,run_2026_04_27_2124,18,26,0,2
2026-04-27 18:26:15+00:00,0.6454915752220269,0.0152447748569902,57.10546875,1,run_2026_04_27_2124,18,26,0,2
2026-04-27 18:26:30+00:00,1.4903792681570458,0.0225944833722611,56.60546875,1,run_2026_04_27_2124,18,26,0,2
2026-04-27 18:26:45+00:00,2.403364710594833,0.0375387097492043,56.33203125,1,run_2026_04_27_2124,18,26,0,3
2026-04-27 18:27:00+00:00,3.379279679857715,0.0450572254335258,60.634765625,2,run_2026_04_27_2124,18,27,0,3
2026-04-27 18:27:15+00:00,4.271507708736568,0.0663234072955185,60.685546875,2,run_2026_04_27_2124,18,27,0,3
2026-04-27 18:27:30+00:00,5.208173753640343,0.0713793393006315,56.94921875,2,run_2026_04_27_2124,18,27,0,3
2026-04-27 18:27:45+00:00,6.013266619387223,0.0810654745739953,61.00651041666666,3,run_2026_04_27_2124,18,27,0,5
2026-04-27 18:28:00+00:00,7.808178967993544,0.093671565489831,61.88671875,3,run_2026_04_27_2124,18,28,0,5
2026-04-27 18:28:15+00:00,13.663290930673451,0.1369126385565238,63.348958333333336,3,run_2026_04_27_2124,18,28,0,5
2026-04-27 18:28:30+00:00,23.395347881578854,0.2003678419235927,65.07421875,3,run_2026_04_27_2124,18,28,0,5
2026-04-27 18:28:45+00:00,36.58173027440127,0.308441957631769,66.90234375,5,run_2026_04_27_2124,18,28,0,5
2026-04-27 18:29:00+00:00,52.213565120531,0.442178349884388,68.4484375,5,run_2026_04_27_2124,18,29,0,5
2026-04-27 18:29:15+00:00,59.50870405445348,0.5317269123058914,68.5859375,5,run_2026_04_27_2124,18,29,0,5
2026-04-27 18:29:30+00:00,59.86249017449177,0.5386920937328538,68.9296875,5,run_2026_04_27_2124,18,29,0,5
2026-04-27 18:29:45+00:00,54.21381048633445,0.4786987627579523,69.440625,5,run_2026_04_27_2124,18,29,0,5
2026-04-27 18:30:00+00:00,46.90866863653612,0.4034393958900332,69.70703125,5,run_2026_04_27_2124,18,30,0,5
2026-04-27 18:30:15+00:00,39.96150497751645,0.3454705787289771,69.71640625,5,run_2026_04_27_2124,18,30,0,5
2026-04-27 18:30:30+00:00,33.16417189661,0.3089552836675806,69.76015625,5,run_2026_04_27_2124,18,30,0,5
2026-04-27 18:30:45+00:00,26.59728919883605,0.2666082875714584,69.73828125,5,run_2026_04_27_2124,18,30,0,5
2026-04-27 18:31:00+00:00,20.968764410236112,0.2147801751904491,69.778125,5,run_2026_04_27_2124,18,31,0,5
2026-04-27 18:31:15+00:00,22.67553164588189,0.2180491077859619,70.03828125,5,run_2026_04_27_2124,18,31,0,5
2026-04-27 18:31:30+00:00,32.62635521035905,0.2946179688552099,70.5609375,5,run_2026_04_27_2124,18,31,0,5
2026-04-27 18:31:45+00:00,49.54902461264432,0.4426873664043266,70.99921875,5,run_2026_04_27_2124,18,31,0,5
2026-04-27 18:32:00+00:00,66.06162728834525,0.5789757230352949,71.94453125,5,run_2026_04_27_2124,18,32,0,5
2026-04-27 18:32:15+00:00,75.53705379592863,0.6498539243158861,72.70703125,5,run_2026_04_27_2124,18,32,0,5
2026-04-27 18:32:30+00:00,75.41955579019985,0.6340709824983252,73.0140625,5,run_2026_04_27_2124,18,32,0,5
2026-04-27 18:32:45+00:00,68.49351984904489,0.5690161609087807,73.01796875,5,run_2026_04_27_2124,18,32,0,5
2026-04-27 18:33:00+00:00,59.49685345751795,0.4958832037715479,73.0734375,5,run_2026_04_27_2124,18,33,0,5
2026-04-27 18:33:15+00:00,51.6208654754588,0.4270727712281447,73.140625,5,run_2026_04_27_2124,18,33,0,5
2026-04-27 18:33:30+00:00,43.00546300572111,0.3739786345890427,73.16796875,5,run_2026_04_27_2124,18,33,0,5
2026-04-27 18:33:45+00:00,34.60197056786141,0.303007033565035,73.17734375,5,run_2026_04_27_2124,18,33,0,5
2026-04-27 18:34:00+00:00,26.447013583375607,0.250658444448893,73.1421875,5,run_2026_04_27_2124,18,34,0,5
2026-04-27 18:34:15+00:00,23.21060145322909,0.2102433457131448,73.2203125,5,run_2026_04_27_2124,18,34,0,5
2026-04-27 18:34:30+00:00,25.736031623085427,0.2423061319287959,73.3125,5,run_2026_04_27_2124,18,34,0,5
2026-04-27 18:34:45+00:00,33.380122258101395,0.2967462846985116,73.3859375,5,run_2026_04_27_2124,18,34,0,5
2026-04-27 18:35:00+00:00,41.61415004886544,0.3746929946100283,73.521875,5,run_2026_04_27_2124,18,35,0,5
2026-04-27 18:35:15+00:00,45.60571305572704,0.3919086617443223,71.3703125,5,run_2026_04_27_2124,18,35,0,5
2026-04-27 18:35:30+00:00,44.44078288070983,0.3901826933679636,71.87109375,5,run_2026_04_27_2124,18,35,0,5
2026-04-27 18:35:45+00:00,39.04132628205459,0.3260071319171379,72.14375,5,run_2026_04_27_2124,18,35,0,5
2026-04-27 18:36:00+00:00,32.65921814733938,0.2771490795464194,72.30625,5,run_2026_04_27_2124,18,36,0,5
2026-04-27 18:36:15+00:00,25.88838420371525,0.2167793467983173,72.4265625,5,run_2026_04_27_2124,18,36,0,5
2026-04-27 18:36:30+00:00,19.171063722830297,0.1750189613284582,72.43828125,5,run_2026_04_27_2124,18,36,0,5
2026-04-27 18:36:45+00:00,12.44208883994243,0.117680789016667,72.54765625,5,run_2026_04_27_2124,18,36,0,5
2026-04-27 18:37:00+00:00,6.516929196462167,0.0764480968861955,72.63828125,5,run_2026_04_27_2124,18,37,0,5
2026-04-27 18:37:15+00:00,2.1813594613000937,0.0445193371435842,72.653125,5,run_2026_04_27_2124,18,37,0,5
2026-04-27 18:37:30+00:00,0.3113532747692649,0.0356145655110058,72.678125,5,run_2026_04_27_2124,18,37,0,5
2026-04-27 18:37:45+00:00,0.0,0.0343761877892084,72.65234375,5,run_2026_04_27_2124,18,37,0,5
2026-04-27 18:38:00+00:00,0.0,0.0345041158415591,72.67578125,5,run_2026_04_27_2124,18,38,0,5
2026-04-27 18:38:15+00:00,0.0,0.0352491192065295,72.66953125,5,run_2026_04_27_2124,18,38,0,5
2026-04-27 18:38:30+00:00,0.0,0.0352218473020361,72.66484375,5,run_2026_04_27_2124,18,38,0,5
2026-04-27 18:38:45+00:00,0.0,0.0377156591351815,72.6578125,5,run_2026_04_27_2124,18,38,0,5
2026-04-27 18:39:00+00:00,0.0,0.0376727268935998,72.6359375,5,run_2026_04_27_2124,18,39,0,5
2026-04-27 18:39:15+00:00,0.0,0.0360669800922039,72.6359375,5,run_2026_04_27_2124,18,39,0,5
2026-04-27 18:39:30+00:00,0.0,0.0319410657185919,72.60078125,5,run_2026_04_27_2124,18,39,0,5
2026-04-27 18:39:45+00:00,0.0,0.0289585870857371,72.60078125,5,run_2026_04_27_2124,18,39,0,5
2026-04-27 18:40:00+00:00,0.0,0.0265780550710122,72.60078125,5,run_2026_04_27_2124,18,40,0,5
2026-04-27 18:40:15+00:00,0.0,0.0285283686450001,72.66171875,5,run_2026_04_27_2124,18,40,0,5
2026-04-27 18:40:30+00:00,0.0,0.0313526204693375,72.68671875,5,run_2026_04_27_2124,18,40,0,3
2026-04-27 18:40:45+00:00,0.0,0.033672211834407,72.68671875,5,run_2026_04_27_2124,18,40,0,3
2026-04-27 18:41:00+00:00,0.0,0.0307920874910124,72.68671875,5,run_2026_04_27_2124,18,41,0,2
2026-04-27 18:41:15+00:00,0.0,0.0288486346994937,72.63046875,5,run_2026_04_27_2124,18,41,0,1
2026-04-27 18:41:30+00:00,0.0,0.0242787183678601,70.92838541666667,3,run_2026_04_27_2124,18,41,0,1
2026-04-27 18:41:45+00:00,0.0,0.0222138374308447,70.92838541666667,3,run_2026_04_27_2124,18,41,0,1
2026-04-27 18:42:00+00:00,0.0,0.0115874218931435,67.390625,2,run_2026_04_27_2124,18,42,0,1
2026-04-27 18:42:15+00:00,0.0,0.0081004510828761,67.390625,1,run_2026_04_27_2124,18,42,0,1
2026-04-27 18:42:30+00:00,0.0,0.0081004510828761,67.390625,1,run_2026_04_27_2124,18,42,0,1
2026-04-27 18:42:45+00:00,0.0,0.0081004510828761,67.390625,1,run_2026_04_27_2124,18,42,0,1
2026-04-27 18:43:00+00:00,0.0,0.0081004510828761,67.390625,1,run_2026_04_27_2124,18,43,0,1
2026-04-27 18:43:15+00:00,0.0,0.0081004510828761,67.390625,1,run_2026_04_27_2124,18,43,0,1
2026-04-27 18:43:30+00:00,0.0,0.0081004510828761,67.390625,1,run_2026_04_27_2124,18,43,0,1
2026-04-27 18:43:45+00:00,0.0,0.0081004510828761,67.390625,1,run_2026_04_27_2124,18,43,0,1
2026-04-27 18:44:00+00:00,0.0,0.0081004510828761,67.390625,1,run_2026_04_27_2124,18,44,0,1
2026-04-27 18:44:15+00:00,0.0,0.0081004510828761,67.390625,1,run_2026_04_27_2124,18,44,0,1
2026-04-27 18:44:30+00:00,0.0,0.0081004510828761,67.390625,1,run_2026_04_27_2124,18,44,0,1
2026-04-27 18:44:45+00:00,0.0,0.0081004510828761,67.390625,1,run_2026_04_27_2124,18,44,0,1
2026-04-27 18:45:00+00:00,0.0,0.0081004510828761,67.390625,1,run_2026_04_27_2124,18,45,0,1
2026-04-27 18:45:15+00:00,0.0,0.0081004510828761,67.390625,1,run_2026_04_27_2124,18,45,0,1
2026-04-27 18:45:30+00:00,0.0,0.0081004510828761,67.390625,1,run_2026_04_27_2124,18,45,0,1
2026-04-27 18:45:45+00:00,0.0,0.0081004510828761,67.390625,1,run_2026_04_27_2124,18,45,0,1
2026-04-27 18:46:00+00:00,0.0,0.0081004510828761,67.390625,1,run_2026_04_27_2124,18,46,0,1
2026-04-27 18:46:15+00:00,0.0,0.0081004510828761,67.390625,1,run_2026_04_27_2124,18,46,0,1
2026-04-27 18:46:30+00:00,0.0,0.0081004510828761,67.390625,1,run_2026_04_27_2124,18,46,0,1
2026-04-27 18:46:45+00:00,0.0,0.0081004510828761,67.390625,1,run_2026_04_27_2124,18,46,0,1
2026-04-27 18:47:00+00:00,0.0,0.0081004510828761,67.390625,1,run_2026_04_27_2124,18,47,0,1
2026-04-27 18:47:15+00:00,0.0,0.0081004510828761,67.390625,1,run_2026_04_27_2124,18,47,0,1
2026-04-27 18:47:30+00:00,0.0,0.0081004510828761,67.390625,1,run_2026_04_27_2124,18,47,0,1
2026-04-27 18:47:45+00:00,0.0,0.0081004510828761,67.390625,1,run_2026_04_27_2124,18,47,0,1
2026-04-27 18:48:00+00:00,0.0,0.0081004510828761,67.390625,1,run_2026_04_27_2124,18,48,0,1
2026-04-27 18:48:15+00:00,0.0,0.0081004510828761,67.390625,1,run_2026_04_27_2124,18,48,0,1
2026-04-27 18:48:30+00:00,0.0,0.0081004510828761,67.390625,1,run_2026_04_27_2124,18,48,0,1
2026-04-27 18:48:45+00:00,0.0,0.0081004510828761,67.390625,1,run_2026_04_27_2124,18,48,0,1
2026-04-27 18:49:00+00:00,0.0,0.0081004510828761,67.390625,1,run_2026_04_27_2124,18,49,0,1
2026-04-27 18:49:15+00:00,0.0,0.0081004510828761,67.390625,1,run_2026_04_27_2124,18,49,0,1
2026-04-27 18:49:30+00:00,0.0,0.0081004510828761,67.390625,1,run_2026_04_27_2124,18,49,0,1
2026-04-27 18:49:45+00:00,0.0,0.0081004510828761,67.390625,1,run_2026_04_27_2124,18,49,0,1
2026-04-27 18:50:00+00:00,0.0,0.0081004510828761,67.390625,1,run_2026_04_27_2124,18,50,0,1
2026-04-27 18:50:15+00:00,0.0,0.0081004510828761,67.390625,1,run_2026_04_27_2124,18,50,0,1
2026-04-27 18:50:30+00:00,0.0,0.0081004510828761,67.390625,1,run_2026_04_27_2124,18,50,0,1
2026-04-27 18:50:45+00:00,0.0,0.0081004510828761,67.390625,1,run_2026_04_27_2124,18,50,0,1
2026-04-27 18:51:00+00:00,0.0,0.0081004510828761,67.390625,1,run_2026_04_27_2124,18,51,0,1
2026-04-27 18:51:15+00:00,0.0,0.0081004510828761,67.390625,1,run_2026_04_27_2124,18,51,0,1
2026-04-27 18:51:30+00:00,0.0,0.0081004510828761,67.390625,1,run_2026_04_27_2124,18,51,0,1
2026-04-27 18:51:45+00:00,0.0,0.0081004510828761,67.390625,1,run_2026_04_27_2124,18,51,0,1
2026-04-27 18:52:00+00:00,0.0,0.0081004510828761,67.390625,1,run_2026_04_27_2124,18,52,0,1
2026-04-27 18:52:15+00:00,0.0,0.0081004510828761,67.390625,1,run_2026_04_27_2124,18,52,0,1
2026-04-27 18:52:30+00:00,0.0,0.0081004510828761,67.390625,1,run_2026_04_27_2124,18,52,0,1
2026-04-27 18:52:45+00:00,0.0,0.0081004510828761,67.390625,1,run_2026_04_27_2124,18,52,0,1
2026-04-27 18:53:00+00:00,0.0,0.0081004510828761,67.390625,1,run_2026_04_27_2124,18,53,0,1
2026-04-27 18:53:15+00:00,0.0,0.0081004510828761,67.390625,1,run_2026_04_27_2124,18,53,0,1
2026-04-27 18:53:30+00:00,0.0,0.0081004510828761,67.390625,1,run_2026_04_27_2124,18,53,0,1
2026-04-27 18:53:45+00:00,0.0,0.0081004510828761,67.390625,1,run_2026_04_27_2124,18,53,0,1
2026-04-27 18:54:00+00:00,0.0,0.0081004510828761,67.390625,1,run_2026_04_27_2124,18,54,0,1
2026-04-27 18:54:15+00:00,0.0,0.0081004510828761,67.390625,1,run_2026_04_27_2124,18,54,0,1
2026-04-27 18:54:30+00:00,0.0,0.0081004510828761,67.390625,1,run_2026_04_27_2124,18,54,0,1
2026-04-27 18:54:45+00:00,0.0,0.0081004510828761,67.390625,1,run_2026_04_27_2124,18,54,0,1
2026-04-27 18:55:00+00:00,0.0,0.0081004510828761,67.390625,1,run_2026_04_27_2124,18,55,0,1
2026-04-27 18:55:15+00:00,0.0,0.0081004510828761,67.390625,1,run_2026_04_27_2124,18,55,0,1
2026-04-27 18:55:30+00:00,0.0,0.0081004510828761,67.390625,1,run_2026_04_27_2124,18,55,0,1
2026-04-27 18:55:45+00:00,0.0,0.0081004510828761,67.390625,1,run_2026_04_27_2124,18,55,0,1
2026-04-27 18:56:00+00:00,0.0,0.0081004510828761,67.390625,1,run_2026_04_27_2124,18,56,0,1
2026-04-27 18:56:15+00:00,0.0,0.0081004510828761,67.390625,1,run_2026_04_27_2124,18,56,0,1
2026-04-27 18:56:30+00:00,0.0,0.0081004510828761,67.390625,1,run_2026_04_27_2124,18,56,0,1
2026-04-27 18:56:45+00:00,0.0,0.0081004510828761,67.390625,1,run_2026_04_27_2124,18,56,0,1
2026-04-27 18:57:00+00:00,0.0,0.0081004510828761,67.390625,1,run_2026_04_27_2124,18,57,0,1
2026-04-27 18:57:15+00:00,0.0,0.0081004510828761,67.390625,1,run_2026_04_27_2124,18,57,0,1
2026-04-27 18:57:30+00:00,0.0,0.0081004510828761,67.390625,1,run_2026_04_27_2124,18,57,0,1
2026-04-27 18:57:45+00:00,0.0,0.0081004510828761,67.390625,1,run_2026_04_27_2124,18,57,0,1
2026-04-27 18:58:00+00:00,0.0,0.0081004510828761,67.390625,1,run_2026_04_27_2124,18,58,0,1
2026-04-27 18:58:15+00:00,0.0,0.0081004510828761,67.390625,1,run_2026_04_27_2124,18,58,0,1
2026-04-27 18:58:30+00:00,0.0,0.0081004510828761,67.390625,1,run_2026_04_27_2124,18,58,0,1
2026-04-27 18:58:45+00:00,0.0,0.0081004510828761,67.390625,1,run_2026_04_27_2124,18,58,0,1
2026-04-27 18:59:00+00:00,0.0,0.0081004510828761,67.390625,1,run_2026_04_27_2124,18,59,0,1
2026-04-27 18:59:15+00:00,0.0,0.0081004510828761,67.390625,1,run_2026_04_27_2124,18,59,0,1
2026-04-27 18:59:30+00:00,0.0,0.0081004510828761,67.390625,1,run_2026_04_27_2124,18,59,0,1
2026-04-27 18:59:45+00:00,0.0,0.0081004510828761,67.390625,1,run_2026_04_27_2124,18,59,0,1
2026-04-27 19:00:00+00:00,0.0,0.0081004510828761,67.390625,1,run_2026_04_27_2124,19,0,0,1
2026-04-27 19:00:15+00:00,0.0,0.0081004510828761,67.390625,1,run_2026_04_27_2124,19,0,0,1
2026-04-27 19:00:30+00:00,0.0,0.0081004510828761,67.390625,1,run_2026_04_27_2124,19,0,0,1
2026-04-27 19:00:45+00:00,0.0,0.0081004510828761,67.390625,1,run_2026_04_27_2124,19,0,0,1
2026-04-27 19:01:00+00:00,0.0,0.0081004510828761,67.390625,1,run_2026_04_27_2124,19,1,0,1
2026-04-27 19:01:15+00:00,0.0,0.0081004510828761,67.390625,1,run_2026_04_27_2124,19,1,0,1
2026-04-27 19:01:30+00:00,0.0,0.0081004510828761,67.390625,1,run_2026_04_27_2124,19,1,0,1
2026-04-27 19:01:45+00:00,0.0,0.0081004510828761,67.390625,1,run_2026_04_27_2124,19,1,0,1
2026-04-27 19:02:00+00:00,0.0,0.0081004510828761,67.390625,1,run_2026_04_27_2124,19,2,0,1
2026-04-27 19:02:15+00:00,0.0,0.0081004510828761,67.390625,1,run_2026_04_27_2124,19,2,0,1
2026-04-27 19:02:30+00:00,0.0,0.0081004510828761,67.390625,1,run_2026_04_27_2124,19,2,0,1
2026-04-27 19:02:45+00:00,0.0,0.0081004510828761,67.390625,1,run_2026_04_27_2124,19,2,0,1
2026-04-27 19:03:00+00:00,0.0,0.0081004510828761,67.390625,1,run_2026_04_27_2124,19,3,0,1
2026-04-27 19:03:15+00:00,0.0,0.0081004510828761,67.390625,1,run_2026_04_27_2124,19,3,0,1
2026-04-27 19:03:30+00:00,0.0,0.0081004510828761,67.390625,1,run_2026_04_27_2124,19,3,0,1
2026-04-27 19:03:45+00:00,0.0,0.0081004510828761,67.390625,1,run_2026_04_27_2124,19,3,0,1
2026-04-27 19:04:00+00:00,0.0,0.0081004510828761,67.390625,1,run_2026_04_27_2124,19,4,0,1
2026-04-27 19:04:15+00:00,0.0,0.0081004510828761,67.390625,1,run_2026_04_27_2124,19,4,0,1
2026-04-27 19:04:30+00:00,0.0,0.0081004510828761,67.390625,1,run_2026_04_27_2124,19,4,0,1
2026-04-27 19:04:45+00:00,0.0,0.0081004510828761,67.390625,1,run_2026_04_27_2124,19,4,0,1
2026-04-27 19:05:00+00:00,0.0,0.0081004510828761,67.390625,1,run_2026_04_27_2124,19,5,0,1
2026-04-27 19:05:15+00:00,0.0,0.0081004510828761,67.390625,1,run_2026_04_27_2124,19,5,0,1
2026-04-27 19:05:30+00:00,0.0,0.0081004510828761,67.390625,1,run_2026_04_27_2124,19,5,0,1
2026-04-27 19:05:45+00:00,0.0,0.0081004510828761,67.390625,1,run_2026_04_27_2124,19,5,0,1
2026-04-27 19:06:00+00:00,0.0,0.0081004510828761,67.390625,1,run_2026_04_27_2124,19,6,0,1
2026-04-27 19:06:15+00:00,0.0,0.0081004510828761,67.390625,1,run_2026_04_27_2124,19,6,0,1
2026-04-27 19:06:30+00:00,0.0,0.0081004510828761,67.390625,1,run_2026_04_27_2124,19,6,0,1
2026-04-27 19:06:45+00:00,0.0,0.0081004510828761,67.390625,1,run_2026_04_27_2124,19,6,0,1
2026-04-27 19:07:00+00:00,0.0,0.0081004510828761,67.390625,1,run_2026_04_27_2124,19,7,0,1
2026-04-27 19:07:15+00:00,0.0,0.0081004510828761,67.390625,1,run_2026_04_27_2124,19,7,0,1
2026-04-27 19:07:30+00:00,0.0,0.0081004510828761,67.390625,1,run_2026_04_27_2124,19,7,0,1
2026-04-27 19:07:45+00:00,0.0,0.0081004510828761,67.390625,1,run_2026_04_27_2124,19,7,0,1
2026-04-27 19:08:00+00:00,0.0,0.0081004510828761,67.390625,1,run_2026_04_27_2124,19,8,0,1
2026-04-27 19:08:15+00:00,0.0,0.0081004510828761,67.390625,1,run_2026_04_27_2124,19,8,0,1
2026-04-27 19:08:30+00:00,0.0,0.0081004510828761,67.390625,1,run_2026_04_27_2124,19,8,0,1
2026-04-27 19:08:45+00:00,0.0,0.0081004510828761,67.390625,1,run_2026_04_27_2124,19,8,0,1
2026-04-27 19:09:00+00:00,0.0,0.0081004510828761,67.390625,1,run_2026_04_27_2124,19,9,0,1
2026-04-27 19:09:15+00:00,0.0,0.0081004510828761,67.390625,1,run_2026_04_27_2124,19,9,0,1
2026-04-27 19:09:30+00:00,0.0,0.0081004510828761,67.390625,1,run_2026_04_27_2124,19,9,0,1
2026-04-27 19:09:45+00:00,0.0,0.0081004510828761,67.390625,1,run_2026_04_27_2124,19,9,0,1
2026-04-27 19:10:00+00:00,0.0,0.0081004510828761,67.390625,1,run_2026_04_27_2124,19,10,0,1
2026-04-27 19:10:15+00:00,0.0,0.0081004510828761,67.390625,1,run_2026_04_27_2124,19,10,0,1
2026-04-27 19:10:30+00:00,0.0,0.0081004510828761,67.390625,1,run_2026_04_27_2124,19,10,0,1
2026-04-27 19:10:45+00:00,0.0,0.0081004510828761,67.390625,1,run_2026_04_27_2124,19,10,0,1
2026-04-27 19:11:00+00:00,0.0,0.0081004510828761,67.390625,1,run_2026_04_27_2124,19,11,0,1
2026-04-27 19:11:15+00:00,0.0,0.0081004510828761,67.390625,1,run_2026_04_27_2124,19,11,0,1
2026-04-27 19:11:30+00:00,0.0,0.0081004510828761,67.390625,1,run_2026_04_27_2124,19,11,0,1
2026-04-27 19:11:45+00:00,0.0,0.0081004510828761,67.390625,1,run_2026_04_27_2124,19,11,0,1
2026-04-27 19:12:00+00:00,0.0,0.0081004510828761,67.390625,1,run_2026_04_27_2124,19,12,0,1
2026-04-27 19:12:15+00:00,0.0,0.0081004510828761,67.390625,1,run_2026_04_27_2124,19,12,0,1
2026-04-27 19:12:30+00:00,0.0,0.0081004510828761,67.390625,1,run_2026_04_27_2124,19,12,0,1
2026-04-27 19:12:45+00:00,0.0,0.0081004510828761,67.390625,1,run_2026_04_27_2124,19,12,0,1
2026-04-27 19:13:00+00:00,0.0,0.0081004510828761,67.390625,1,run_2026_04_27_2124,19,13,0,1
2026-04-27 19:13:15+00:00,0.0,0.0081004510828761,67.390625,1,run_2026_04_27_2124,19,13,0,1
2026-04-27 19:13:30+00:00,0.0,0.0081004510828761,67.390625,1,run_2026_04_27_2124,19,13,0,1
2026-04-27 19:13:45+00:00,0.0,0.0081004510828761,67.390625,1,run_2026_04_27_2124,19,13,0,1
2026-04-27 19:14:00+00:00,0.0,0.0081004510828761,67.390625,1,run_2026_04_27_2124,19,14,0,1
2026-04-27 19:14:15+00:00,0.0,0.0081004510828761,67.390625,1,run_2026_04_27_2124,19,14,0,1
2026-04-27 19:14:30+00:00,0.0,0.0081004510828761,67.390625,1,run_2026_04_27_2124,19,14,0,1
2026-04-27 19:14:45+00:00,0.0,0.0081004510828761,67.390625,1,run_2026_04_27_2124,19,14,0,1
2026-04-27 19:15:00+00:00,0.0,0.0081004510828761,67.390625,1,run_2026_04_27_2124,19,15,0,1
2026-04-27 19:15:15+00:00,0.0,0.0081004510828761,67.390625,1,run_2026_04_27_2124,19,15,0,1
2026-04-27 19:15:30+00:00,0.0,0.0081004510828761,67.390625,1,run_2026_04_27_2124,19,15,0,1
2026-04-27 19:15:45+00:00,0.0,0.0081004510828761,67.390625,1,run_2026_04_27_2124,19,15,0,1
2026-04-27 19:16:00+00:00,0.0,0.0081004510828761,67.390625,1,run_2026_04_27_2124,19,16,0,1
2026-04-27 19:16:15+00:00,0.0,0.0081004510828761,67.390625,1,run_2026_04_27_2124,19,16,0,1
2026-04-27 19:16:30+00:00,0.0,0.0081004510828761,67.390625,1,run_2026_04_27_2124,19,16,0,1
2026-04-27 19:16:45+00:00,0.0,0.0081004510828761,67.390625,1,run_2026_04_27_2124,19,16,0,1
2026-04-27 19:17:00+00:00,0.0,0.0081004510828761,67.390625,1,run_2026_04_27_2124,19,17,0,1
2026-04-27 19:17:15+00:00,0.0,0.0081004510828761,67.390625,1,run_2026_04_27_2124,19,17,0,1
2026-04-27 19:17:30+00:00,0.0,0.0081004510828761,67.390625,1,run_2026_04_27_2124,19,17,0,1
2026-04-27 19:17:45+00:00,0.0,0.0081004510828761,67.390625,1,run_2026_04_27_2124,19,17,0,1
2026-04-27 19:18:00+00:00,0.0,0.0081004510828761,67.390625,1,run_2026_04_27_2124,19,18,0,1
2026-04-27 19:18:15+00:00,0.0,0.0081004510828761,67.390625,1,run_2026_04_27_2124,19,18,0,1
2026-04-27 19:18:30+00:00,0.0,0.0081004510828761,67.390625,1,run_2026_04_27_2124,19,18,0,1
2026-04-27 19:18:45+00:00,0.0,0.0081004510828761,67.390625,1,run_2026_04_27_2124,19,18,0,1
2026-04-27 19:19:00+00:00,0.0,0.0081004510828761,67.390625,1,run_2026_04_27_2124,19,19,0,1
2026-04-27 19:19:15+00:00,0.0,0.0081004510828761,67.390625,1,run_2026_04_27_2124,19,19,0,1
2026-04-27 19:19:30+00:00,0.0,0.0081004510828761,67.390625,1,run_2026_04_27_2124,19,19,0,1
2026-04-27 19:19:45+00:00,0.0,0.0081004510828761,67.390625,1,run_2026_04_27_2124,19,19,0,1
2026-04-27 19:20:00+00:00,0.0,0.0081004510828761,67.390625,1,run_2026_04_27_2124,19,20,0,1
2026-04-27 19:20:15+00:00,0.0,0.0081004510828761,67.390625,1,run_2026_04_27_2124,19,20,0,1
2026-04-27 19:20:30+00:00,0.0,0.0081004510828761,67.390625,1,run_2026_04_27_2124,19,20,0,1
2026-04-27 19:20:45+00:00,0.0,0.0081004510828761,67.390625,1,run_2026_04_27_2124,19,20,0,1
2026-04-27 19:21:00+00:00,0.0,0.0081004510828761,67.390625,1,run_2026_04_27_2124,19,21,0,1
2026-04-27 19:21:15+00:00,0.0,0.0081004510828761,67.390625,1,run_2026_04_27_2124,19,21,0,1
2026-04-27 19:21:30+00:00,0.0,0.0081004510828761,67.390625,1,run_2026_04_27_2124,19,21,0,1
2026-04-27 19:21:45+00:00,0.0,0.0081004510828761,67.390625,1,run_2026_04_27_2124,19,21,0,1
2026-04-27 19:22:00+00:00,0.0,0.0081004510828761,67.390625,1,run_2026_04_27_2124,19,22,0,1
2026-04-27 19:22:15+00:00,0.0,0.0081004510828761,67.390625,1,run_2026_04_27_2124,19,22,0,1
2026-04-27 19:22:30+00:00,0.0,0.0081004510828761,67.390625,1,run_2026_04_27_2124,19,22,0,1
2026-04-27 19:22:45+00:00,0.0,0.0081004510828761,67.390625,1,run_2026_04_27_2124,19,22,0,1
2026-04-27 19:23:00+00:00,0.0,0.0081004510828761,67.390625,1,run_2026_04_27_2124,19,23,0,1
2026-04-27 19:24:00+00:00,0.0,0.008021323151808,54.90234375,1,run_2026_04_27_2224,19,24,0,1
2026-04-27 19:24:15+00:00,0.0,0.0081193285950564,54.90234375,1,run_2026_04_27_2224,19,24,0,1
2026-04-27 19:24:30+00:00,0.0,0.0077755492732013,54.90234375,1,run_2026_04_27_2224,19,24,0,1
2026-04-27 19:24:45+00:00,0.0,0.0078600694753719,54.52734375,1,run_2026_04_27_2224,19,24,0,1
2026-04-27 19:25:00+00:00,0.0,0.0080472493493205,54.40234375,1,run_2026_04_27_2224,19,25,0,1
2026-04-27 19:25:15+00:00,0.0,0.0081814982291224,54.27734375,1,run_2026_04_27_2224,19,25,0,1
2026-04-27 19:25:30+00:00,0.17801117020093,0.0112721568278411,53.15234375,1,run_2026_04_27_2224,19,25,0,1
2026-04-27 19:25:45+00:00,0.6906231202798138,0.0144369416534854,52.90234375,1,run_2026_04_27_2224,19,25,0,2
2026-04-27 19:26:00+00:00,1.624171227695457,0.0253285943131757,52.65234375,1,run_2026_04_27_2224,19,26,0,2
2026-04-27 19:26:15+00:00,2.6289406260443355,0.029175403809736,52.52734375,1,run_2026_04_27_2224,19,26,0,2
2026-04-27 19:26:30+00:00,3.627058299955497,0.039800489541611,52.52734375,1,run_2026_04_27_2224,19,26,0,3
2026-04-27 19:26:45+00:00,4.501192147425185,0.0449294516121844,58.080078125,2,run_2026_04_27_2224,19,26,0,4
2026-04-27 19:27:00+00:00,5.518714673550225,0.0643563373849657,58.6328125,2,run_2026_04_27_2224,19,27,0,5
2026-04-27 19:27:15+00:00,6.485113210911035,0.0723598720489365,58.927734375,2,run_2026_04_27_2224,19,27,0,5
2026-04-27 19:27:30+00:00,8.873558560718454,0.0975016467865406,62.875,3,run_2026_04_27_2224,19,27,0,5
2026-04-27 19:27:45+00:00,17.589392518895156,0.16033408539427,64.107421875,4,run_2026_04_27_2224,19,27,0,5
2026-04-27 19:28:00+00:00,28.46164773994445,0.2454070757348821,65.04765625,5,run_2026_04_27_2224,19,28,0,5
2026-04-27 19:28:15+00:00,43.48097831081925,0.349742642267944,65.8546875,5,run_2026_04_27_2224,19,28,0,5
2026-04-27 19:28:30+00:00,55.314747877446976,0.4255618544304808,65.51640625,5,run_2026_04_27_2224,19,28,0,5
2026-04-27 19:28:45+00:00,60.35400426944634,0.4616483650122908,66.4765625,5,run_2026_04_27_2224,19,28,0,5
2026-04-27 19:29:00+00:00,56.49814146877164,0.4425140509213795,66.81796875,5,run_2026_04_27_2224,19,29,0,5
2026-04-27 19:29:15+00:00,49.93435581042946,0.4115100449618258,67.0875,5,run_2026_04_27_2224,19,29,0,5
2026-04-27 19:29:30+00:00,42.57262174700462,0.3636976464075428,67.4875,5,run_2026_04_27_2224,19,29,0,5
2026-04-27 19:29:45+00:00,36.12626757515818,0.3079399529366726,67.58046875,5,run_2026_04_27_2224,19,29,0,5
2026-04-27 19:30:00+00:00,29.86552848872429,0.2478128096584218,67.61640625,5,run_2026_04_27_2224,19,30,0,5
2026-04-27 19:30:15+00:00,24.08935748085735,0.2079190285154598,67.7484375,5,run_2026_04_27_2224,19,30,0,5
2026-04-27 19:30:30+00:00,22.87523503431437,0.2112384944293692,67.85078125,5,run_2026_04_27_2224,19,30,0,5
2026-04-27 19:30:45+00:00,29.08867923703141,0.2731545023359933,68.2,5,run_2026_04_27_2224,19,30,0,5
2026-04-27 19:31:00+00:00,42.29377639850629,0.3566344408477154,68.98046875,5,run_2026_04_27_2224,19,31,0,5
2026-04-27 19:31:15+00:00,59.200055190138485,0.4819020994157174,69.39453125,5,run_2026_04_27_2224,19,31,0,5
2026-04-27 19:31:30+00:00,71.55942346462898,0.5661628752843324,69.6640625,5,run_2026_04_27_2224,19,31,0,5
2026-04-27 19:31:45+00:00,75.76111982493259,0.6155736340050008,69.72265625,5,run_2026_04_27_2224,19,31,0,5
2026-04-27 19:32:00+00:00,71.69949263597984,0.5654661989863339,70.13046875,5,run_2026_04_27_2224,19,32,0,5
2026-04-27 19:32:15+00:00,63.95976871015143,0.4968556698155416,70.35,5,run_2026_04_27_2224,19,32,0,5
2026-04-27 19:32:30+00:00,55.30210303772114,0.4304227217091358,70.45078125,5,run_2026_04_27_2224,19,32,0,5
2026-04-27 19:32:45+00:00,46.62840795790593,0.3793485028510215,70.49921875,5,run_2026_04_27_2224,19,32,0,5
2026-04-27 19:33:00+00:00,38.0745869511556,0.3340644043851201,70.47265625,5,run_2026_04_27_2224,19,33,0,5
2026-04-27 19:33:15+00:00,30.063423579015907,0.2630397289591159,70.4921875,5,run_2026_04_27_2224,19,33,0,5
2026-04-27 19:33:30+00:00,24.616136816814,0.2194740287291887,70.4640625,5,run_2026_04_27_2224,19,33,0,5
2026-04-27 19:33:45+00:00,23.933353871472526,0.2095466622684228,70.5625,5,run_2026_04_27_2224,19,33,0,5
2026-04-27 19:34:00+00:00,29.991424629201145,0.2606103676079804,70.6515625,5,run_2026_04_27_2224,19,34,0,5
2026-04-27 19:34:15+00:00,38.656276775364695,0.3457180190638098,70.73984375,5,run_2026_04_27_2224,19,34,0,5
2026-04-27 19:34:30+00:00,44.97390347985507,0.402342703363337,70.6265625,5,run_2026_04_27_2224,19,34,0,5
2026-04-27 19:34:45+00:00,45.71877608212388,0.4092654605738209,70.584375,5,run_2026_04_27_2224,19,34,0,5
2026-04-27 19:35:00+00:00,41.158650102165566,0.3518915487556893,70.61015625,5,run_2026_04_27_2224,19,35,0,5
2026-04-27 19:35:15+00:00,35.238667958220894,0.3087175450127793,70.78046875,5,run_2026_04_27_2224,19,35,0,5
2026-04-27 19:35:30+00:00,29.237815826429824,0.2766098612085517,70.89765625,5,run_2026_04_27_2224,19,35,0,5
2026-04-27 19:35:45+00:00,23.12792075109616,0.2451816766394639,70.83984375,5,run_2026_04_27_2224,19,35,0,5
2026-04-27 19:36:00+00:00,16.645127817578715,0.1774220544796711,70.85546875,5,run_2026_04_27_2224,19,36,0,5
2026-04-27 19:36:15+00:00,10.585196582109436,0.1164260010275701,70.85546875,5,run_2026_04_27_2224,19,36,0,5
2026-04-27 19:36:30+00:00,5.496828752642705,0.0716869228996706,70.87734375,5,run_2026_04_27_2224,19,36,0,5
2026-04-27 19:36:45+00:00,1.8731185193444089,0.0466279570491024,70.8390625,5,run_2026_04_27_2224,19,36,0,5
2026-04-27 19:37:00+00:00,0.1336005344021376,0.0329826789474881,70.83046875,5,run_2026_04_27_2224,19,37,0,5
2026-04-27 19:37:15+00:00,0.0,0.0295438930074645,70.8234375,5,run_2026_04_27_2224,19,37,0,5
2026-04-27 19:37:30+00:00,0.0,0.0293471763097446,70.8890625,5,run_2026_04_27_2224,19,37,0,5
2026-04-27 19:37:45+00:00,0.0,0.0310637199920251,70.90625,5,run_2026_04_27_2224,19,37,0,5
2026-04-27 19:38:00+00:00,0.0,0.0336532140383785,70.9296875,5,run_2026_04_27_2224,19,38,0,5
2026-04-27 19:38:15+00:00,0.0,0.0341234418418447,70.9046875,5,run_2026_04_27_2224,19,38,0,5
2026-04-27 19:38:30+00:00,0.0,0.034606815140195,70.92578125,5,run_2026_04_27_2224,19,38,0,5
2026-04-27 19:38:45+00:00,0.0,0.0347771770242052,70.92578125,5,run_2026_04_27_2224,19,38,0,5
2026-04-27 19:39:00+00:00,0.0,0.0351432798744463,70.92421875,5,run_2026_04_27_2224,19,39,0,5
2026-04-27 19:39:15+00:00,0.0,0.035219920208109,70.9109375,5,run_2026_04_27_2224,19,39,0,5
2026-04-27 19:39:30+00:00,0.0,0.0343645909898223,70.9109375,5,run_2026_04_27_2224,19,39,0,4
2026-04-27 19:39:45+00:00,0.0,0.0340501795643862,70.9109375,5,run_2026_04_27_2224,19,39,0,3
2026-04-27 19:40:00+00:00,0.0,0.0337781627411368,70.9765625,5,run_2026_04_27_2224,19,40,0,3
2026-04-27 19:40:15+00:00,0.0,0.0368403344936662,70.97109375,5,run_2026_04_27_2224,19,40,0,1
2026-04-27 19:40:30+00:00,0.0,0.036242448823715,69.5205078125,4,run_2026_04_27_2224,19,40,0,1
2026-04-27 19:40:45+00:00,0.0,0.0334861069772781,67.01302083333333,3,run_2026_04_27_2224,19,40,0,1
2026-04-27 19:41:00+00:00,0.0,0.0257255894941812,67.0546875,3,run_2026_04_27_2224,19,41,0,1
2026-04-27 19:41:15+00:00,0.0,0.0198440515325608,49.04296875,1,run_2026_04_27_2224,19,41,0,1
2026-04-27 19:41:30+00:00,0.0,0.015402314477253,49.04296875,1,run_2026_04_27_2224,19,41,0,1
2026-04-27 19:41:45+00:00,0.0,0.0075042714072226,49.04296875,1,run_2026_04_27_2224,19,41,0,1
2026-04-27 19:42:00+00:00,0.0,0.0070949804026372,49.04296875,1,run_2026_04_27_2224,19,42,0,1
2026-04-27 19:42:15+00:00,0.0,0.0070635838150294,49.04296875,1,run_2026_04_27_2224,19,42,0,1
2026-04-27 19:42:30+00:00,0.0,0.0071983831815245,49.04296875,1,run_2026_04_27_2224,19,42,0,1
2026-04-27 19:42:45+00:00,0.0,0.0080185143876865,49.04296875,1,run_2026_04_27_2224,19,42,0,1
2026-04-27 19:43:00+00:00,0.0,0.0079724207011685,49.04296875,1,run_2026_04_27_2224,19,43,0,1
2026-04-27 19:43:15+00:00,0.0,0.0079159958075958,49.04296875,1,run_2026_04_27_2224,19,43,0,1
2026-04-27 19:43:30+00:00,0.0,0.0073441365247048,49.04296875,1,run_2026_04_27_2224,19,43,0,1
2026-04-27 19:43:45+00:00,0.0,0.0075093850808139,49.04296875,1,run_2026_04_27_2224,19,43,0,1
2026-04-27 19:44:00+00:00,0.0,0.0076618242000735,49.04296875,1,run_2026_04_27_2224,19,44,0,1
2026-04-27 19:44:15+00:00,0.0,0.0077451226240032,49.04296875,1,run_2026_04_27_2224,19,44,0,1
2026-04-27 19:44:30+00:00,0.0,0.0080630200548779,49.04296875,1,run_2026_04_27_2224,19,44,0,1
2026-04-27 19:44:45+00:00,0.0,0.0078362422083709,49.04296875,1,run_2026_04_27_2224,19,44,0,1
2026-04-27 19:45:00+00:00,0.0,0.0079355068908616,49.04296875,1,run_2026_04_27_2224,19,45,0,1
2026-04-27 19:45:15+00:00,0.0,0.007611615689417,49.04296875,1,run_2026_04_27_2224,19,45,0,1
2026-04-27 19:45:30+00:00,0.0,0.0068704984604397,49.04296875,1,run_2026_04_27_2224,19,45,0,1
2026-04-27 19:45:45+00:00,0.0,0.0061309470776903,49.04296875,1,run_2026_04_27_2224,19,45,0,1
2026-04-27 19:46:00+00:00,0.0,0.0054158502019775,49.04296875,1,run_2026_04_27_2224,19,46,0,1
2026-04-27 19:46:15+00:00,0.0,0.0053421802636271,49.04296875,1,run_2026_04_27_2224,19,46,0,1
2026-04-27 19:46:30+00:00,0.0,0.0056476768307647,49.04296875,1,run_2026_04_27_2224,19,46,0,1
2026-04-27 19:46:45+00:00,0.0,0.0056406277827248,49.04296875,1,run_2026_04_27_2224,19,46,0,1
2026-04-27 19:47:00+00:00,0.0,0.0060675277740598,49.04296875,1,run_2026_04_27_2224,19,47,0,1
2026-04-27 19:47:15+00:00,0.0,0.0058552341505781,49.04296875,1,run_2026_04_27_2224,19,47,0,1
2026-04-27 19:47:30+00:00,0.0,0.0057740769659789,49.04296875,1,run_2026_04_27_2224,19,47,0,1
2026-04-27 19:47:45+00:00,0.0,0.0054258331663658,49.04296875,1,run_2026_04_27_2224,19,47,0,1
2026-04-27 19:48:00+00:00,0.0,0.0055785236396071,49.04296875,1,run_2026_04_27_2224,19,48,0,1
2026-04-27 19:48:15+00:00,0.0,0.0057658333518843,49.04296875,1,run_2026_04_27_2224,19,48,0,1
2026-04-27 19:48:30+00:00,0.0,0.0056838735583467,49.04296875,1,run_2026_04_27_2224,19,48,0,1
2026-04-27 19:48:45+00:00,0.0,0.0056562966262109,49.04296875,1,run_2026_04_27_2224,19,48,0,1
2026-04-27 19:49:00+00:00,0.0,0.0055949793595896,49.04296875,1,run_2026_04_27_2224,19,49,0,1
2026-04-27 19:49:15+00:00,0.0,0.0057439488743906,49.04296875,1,run_2026_04_27_2224,19,49,0,1
2026-04-27 19:49:30+00:00,0.0,0.0064398009728236,49.04296875,1,run_2026_04_27_2224,19,49,0,1
2026-04-27 19:49:45+00:00,0.0,0.0062851544233896,49.04296875,1,run_2026_04_27_2224,19,49,0,1
2026-04-27 19:50:00+00:00,0.0,0.006167592406701,49.04296875,1,run_2026_04_27_2224,19,50,0,1
2026-04-27 19:50:15+00:00,0.0,0.0054088733554464,49.04296875,1,run_2026_04_27_2224,19,50,0,1
2026-04-27 19:50:30+00:00,0.0,0.005396902615371,49.04296875,1,run_2026_04_27_2224,19,50,0,1
2026-04-27 19:50:45+00:00,0.0,0.0054537111289319,49.04296875,1,run_2026_04_27_2224,19,50,0,1
2026-04-27 19:51:00+00:00,0.0,0.0055916171941259,49.04296875,1,run_2026_04_27_2224,19,51,0,1
2026-04-27 19:51:15+00:00,0.0,0.0061402840858493,49.04296875,1,run_2026_04_27_2224,19,51,0,1
2026-04-27 19:51:30+00:00,0.0,0.0068645428992106,49.04296875,1,run_2026_04_27_2224,19,51,0,1
2026-04-27 19:51:45+00:00,0.0,0.0069811635829277,49.04296875,1,run_2026_04_27_2224,19,51,0,1
2026-04-27 19:52:00+00:00,0.0,0.0070579891158896,49.04296875,1,run_2026_04_27_2224,19,52,0,1
2026-04-27 19:52:15+00:00,0.0,0.0069019254312749,49.04296875,1,run_2026_04_27_2224,19,52,0,1
2026-04-27 19:52:30+00:00,0.0,0.0067524752475253,49.04296875,1,run_2026_04_27_2224,19,52,0,1
2026-04-27 19:52:45+00:00,0.0,0.0055975469418455,49.04296875,1,run_2026_04_27_2224,19,52,0,1
2026-04-27 19:53:00+00:00,0.0,0.003583617153709,49.04296875,1,run_2026_04_27_2224,19,53,0,1
2026-04-27 19:53:15+00:00,0.0,0.0040582729054334,49.04296875,1,run_2026_04_27_2224,19,53,0,1
2026-04-27 19:53:30+00:00,0.0,0.0045329286571578,49.04296875,1,run_2026_04_27_2224,19,53,0,1
2026-04-27 19:53:45+00:00,0.0,0.0050075844088822,49.04296875,1,run_2026_04_27_2224,19,53,0,1
2026-04-27 19:54:00+00:00,0.0,0.005482240160606599,49.04296875,1,run_2026_04_27_2224,19,54,0,1
2026-04-27 19:54:15+00:00,0.0,0.005956895912330999,49.04296875,1,run_2026_04_27_2224,19,54,0,1
2026-04-27 19:54:30+00:00,0.0,0.0064315516640554,49.04296875,1,run_2026_04_27_2224,19,54,0,1
2026-04-27 19:54:45+00:00,0.0,0.0069062074157798,49.04296875,1,run_2026_04_27_2224,19,54,0,1
2026-04-27 19:55:00+00:00,0.0,0.0083567774312023,49.04296875,1,run_2026_04_27_2224,19,55,0,1
2026-04-27 19:55:15+00:00,0.0,0.0103468484498014,49.04296875,1,run_2026_04_27_2224,19,55,0,1
2026-04-27 19:55:30+00:00,0.0,0.0082969327338283,49.04296875,1,run_2026_04_27_2224,19,55,0,1
2026-04-27 19:55:45+00:00,0.0,0.0080585412667942,49.04296875,1,run_2026_04_27_2224,19,55,0,1
2026-04-27 19:56:00+00:00,0.0,0.0075871226467635,49.04296875,1,run_2026_04_27_2224,19,56,0,1
2026-04-27 19:56:15+00:00,0.0,0.0056435312481173,49.04296875,1,run_2026_04_27_2224,19,56,0,1
2026-04-27 19:56:30+00:00,0.0,0.003672786525898,49.04296875,1,run_2026_04_27_2224,19,56,0,1
2026-04-27 19:56:45+00:00,0.0,0.003672786525898,49.04296875,1,run_2026_04_27_2224,19,56,0,1
2026-04-27 19:57:00+00:00,0.0,0.003672786525898,49.04296875,1,run_2026_04_27_2224,19,57,0,1
2026-04-27 19:57:15+00:00,0.0,0.003672786525898,49.04296875,1,run_2026_04_27_2224,19,57,0,1
2026-04-27 19:57:30+00:00,0.0,0.003672786525898,49.04296875,1,run_2026_04_27_2224,19,57,0,1
2026-04-27 19:57:45+00:00,0.0,0.003672786525898,49.04296875,1,run_2026_04_27_2224,19,57,0,1
2026-04-27 19:58:00+00:00,0.0,0.003672786525898,49.04296875,1,run_2026_04_27_2224,19,58,0,1
2026-04-27 19:58:15+00:00,0.0,0.003672786525898,49.04296875,1,run_2026_04_27_2224,19,58,0,1
2026-04-27 19:58:30+00:00,0.0,0.003672786525898,49.04296875,1,run_2026_04_27_2224,19,58,0,1
2026-04-27 19:58:45+00:00,0.0,0.003672786525898,49.04296875,1,run_2026_04_27_2224,19,58,0,1
2026-04-27 19:59:00+00:00,0.0,0.003672786525898,49.04296875,1,run_2026_04_27_2224,19,59,0,1
2026-04-27 19:59:15+00:00,0.0,0.003672786525898,49.04296875,1,run_2026_04_27_2224,19,59,0,1
2026-04-27 19:59:30+00:00,0.0,0.003672786525898,49.04296875,1,run_2026_04_27_2224,19,59,0,1
2026-04-27 19:59:45+00:00,0.0,0.003672786525898,49.04296875,1,run_2026_04_27_2224,19,59,0,1
2026-04-27 20:00:00+00:00,0.0,0.003672786525898,49.04296875,1,run_2026_04_27_2224,20,0,0,1
2026-04-27 20:00:15+00:00,0.0,0.003672786525898,49.04296875,1,run_2026_04_27_2224,20,0,0,1
2026-04-27 20:00:30+00:00,0.0,0.003672786525898,49.04296875,1,run_2026_04_27_2224,20,0,0,1
2026-04-27 20:00:45+00:00,0.0,0.003672786525898,49.04296875,1,run_2026_04_27_2224,20,0,0,1
2026-04-27 20:01:00+00:00,0.0,0.003672786525898,49.04296875,1,run_2026_04_27_2224,20,1,0,1
2026-04-27 20:01:15+00:00,0.0,0.003672786525898,49.04296875,1,run_2026_04_27_2224,20,1,0,1
2026-04-27 20:01:30+00:00,0.0,0.003672786525898,49.04296875,1,run_2026_04_27_2224,20,1,0,1
2026-04-27 20:01:45+00:00,0.0,0.003672786525898,49.04296875,1,run_2026_04_27_2224,20,1,0,1
2026-04-27 20:02:00+00:00,0.0,0.003672786525898,49.04296875,1,run_2026_04_27_2224,20,2,0,1
2026-04-27 20:02:15+00:00,0.0,0.003672786525898,49.04296875,1,run_2026_04_27_2224,20,2,0,1
2026-04-27 20:02:30+00:00,0.0,0.003672786525898,49.04296875,1,run_2026_04_27_2224,20,2,0,1
2026-04-27 20:02:45+00:00,0.0,0.003672786525898,49.04296875,1,run_2026_04_27_2224,20,2,0,1
2026-04-27 20:03:00+00:00,0.0,0.003672786525898,49.04296875,1,run_2026_04_27_2224,20,3,0,1
2026-04-27 20:03:15+00:00,0.0,0.003672786525898,49.04296875,1,run_2026_04_27_2224,20,3,0,1
2026-04-27 20:03:30+00:00,0.0,0.003672786525898,49.04296875,1,run_2026_04_27_2224,20,3,0,1
2026-04-27 20:03:45+00:00,0.0,0.003672786525898,49.04296875,1,run_2026_04_27_2224,20,3,0,1
2026-04-27 20:04:00+00:00,0.0,0.003672786525898,49.04296875,1,run_2026_04_27_2224,20,4,0,1
2026-04-27 20:04:15+00:00,0.0,0.003672786525898,49.04296875,1,run_2026_04_27_2224,20,4,0,1
2026-04-27 20:04:30+00:00,0.0,0.003672786525898,49.04296875,1,run_2026_04_27_2224,20,4,0,1
2026-04-27 20:04:45+00:00,0.0,0.003672786525898,49.04296875,1,run_2026_04_27_2224,20,4,0,1
2026-04-27 20:05:00+00:00,0.0,0.003672786525898,49.04296875,1,run_2026_04_27_2224,20,5,0,1
2026-04-27 20:05:15+00:00,0.0,0.003672786525898,49.04296875,1,run_2026_04_27_2224,20,5,0,1
2026-04-27 20:05:30+00:00,0.0,0.003672786525898,49.04296875,1,run_2026_04_27_2224,20,5,0,1
2026-04-27 20:05:45+00:00,0.0,0.003672786525898,49.04296875,1,run_2026_04_27_2224,20,5,0,1
2026-04-27 20:06:00+00:00,0.0,0.003672786525898,49.04296875,1,run_2026_04_27_2224,20,6,0,1
2026-04-27 20:06:15+00:00,0.0,0.003672786525898,49.04296875,1,run_2026_04_27_2224,20,6,0,1
2026-04-27 20:06:30+00:00,0.0,0.003672786525898,49.04296875,1,run_2026_04_27_2224,20,6,0,1
2026-04-27 20:06:45+00:00,0.0,0.003672786525898,49.04296875,1,run_2026_04_27_2224,20,6,0,1
2026-04-27 20:07:00+00:00,0.0,0.003672786525898,49.04296875,1,run_2026_04_27_2224,20,7,0,1
2026-04-27 20:07:15+00:00,0.0,0.003672786525898,49.04296875,1,run_2026_04_27_2224,20,7,0,1
2026-04-27 20:07:30+00:00,0.0,0.003672786525898,49.04296875,1,run_2026_04_27_2224,20,7,0,1
2026-04-27 20:07:45+00:00,0.0,0.003672786525898,49.04296875,1,run_2026_04_27_2224,20,7,0,1
2026-04-27 20:08:00+00:00,0.0,0.003672786525898,49.04296875,1,run_2026_04_27_2224,20,8,0,1
2026-04-27 20:08:15+00:00,0.0,0.003672786525898,49.04296875,1,run_2026_04_27_2224,20,8,0,1
2026-04-27 20:08:30+00:00,0.0,0.003672786525898,49.04296875,1,run_2026_04_27_2224,20,8,0,1
2026-04-27 20:08:45+00:00,0.0,0.003672786525898,49.04296875,1,run_2026_04_27_2224,20,8,0,1
2026-04-27 20:09:00+00:00,0.0,0.003672786525898,49.04296875,1,run_2026_04_27_2224,20,9,0,1
2026-04-27 20:09:15+00:00,0.0,0.003672786525898,49.04296875,1,run_2026_04_27_2224,20,9,0,1
2026-04-27 20:09:30+00:00,0.0,0.003672786525898,49.04296875,1,run_2026_04_27_2224,20,9,0,1
2026-04-27 20:09:45+00:00,0.0,0.003672786525898,49.04296875,1,run_2026_04_27_2224,20,9,0,1
2026-04-27 20:10:00+00:00,0.0,0.003672786525898,49.04296875,1,run_2026_04_27_2224,20,10,0,1
2026-04-27 20:10:15+00:00,0.0,0.003672786525898,49.04296875,1,run_2026_04_27_2224,20,10,0,1
2026-04-27 20:10:30+00:00,0.0,0.003672786525898,49.04296875,1,run_2026_04_27_2224,20,10,0,1
2026-04-27 20:10:45+00:00,0.0,0.003672786525898,49.04296875,1,run_2026_04_27_2224,20,10,0,1
2026-04-27 20:11:00+00:00,0.0,0.003672786525898,49.04296875,1,run_2026_04_27_2224,20,11,0,1
2026-04-27 20:11:15+00:00,0.0,0.003672786525898,49.04296875,1,run_2026_04_27_2224,20,11,0,1
2026-04-27 20:11:30+00:00,0.0,0.003672786525898,49.04296875,1,run_2026_04_27_2224,20,11,0,1
2026-04-27 20:11:45+00:00,0.0,0.003672786525898,49.04296875,1,run_2026_04_27_2224,20,11,0,1
2026-04-27 20:12:00+00:00,0.0,0.003672786525898,49.04296875,1,run_2026_04_27_2224,20,12,0,1
2026-04-27 20:12:15+00:00,0.0,0.003672786525898,49.04296875,1,run_2026_04_27_2224,20,12,0,1
2026-04-27 20:12:30+00:00,0.0,0.003672786525898,49.04296875,1,run_2026_04_27_2224,20,12,0,1
2026-04-27 20:12:45+00:00,0.0,0.003672786525898,49.04296875,1,run_2026_04_27_2224,20,12,0,1
2026-04-27 20:13:00+00:00,0.0,0.003672786525898,49.04296875,1,run_2026_04_27_2224,20,13,0,1
2026-04-27 20:13:15+00:00,0.0,0.003672786525898,49.04296875,1,run_2026_04_27_2224,20,13,0,1
2026-04-27 20:13:30+00:00,0.0,0.003672786525898,49.04296875,1,run_2026_04_27_2224,20,13,0,1
2026-04-27 20:13:45+00:00,0.0,0.003672786525898,49.04296875,1,run_2026_04_27_2224,20,13,0,1
2026-04-27 20:14:00+00:00,0.0,0.003672786525898,49.04296875,1,run_2026_04_27_2224,20,14,0,1
2026-04-27 20:14:15+00:00,0.0,0.003672786525898,49.04296875,1,run_2026_04_27_2224,20,14,0,1
2026-04-27 20:14:30+00:00,0.0,0.003672786525898,49.04296875,1,run_2026_04_27_2224,20,14,0,1
2026-04-27 20:14:45+00:00,0.0,0.003672786525898,49.04296875,1,run_2026_04_27_2224,20,14,0,1
2026-04-27 20:15:00+00:00,0.0,0.003672786525898,49.04296875,1,run_2026_04_27_2224,20,15,0,1
2026-04-27 20:15:15+00:00,0.0,0.003672786525898,49.04296875,1,run_2026_04_27_2224,20,15,0,1
2026-04-27 20:15:30+00:00,0.0,0.003672786525898,49.04296875,1,run_2026_04_27_2224,20,15,0,1
2026-04-27 20:15:45+00:00,0.0,0.003672786525898,49.04296875,1,run_2026_04_27_2224,20,15,0,1
2026-04-27 20:16:00+00:00,0.0,0.003672786525898,49.04296875,1,run_2026_04_27_2224,20,16,0,1
2026-04-27 20:16:15+00:00,0.0,0.003672786525898,49.04296875,1,run_2026_04_27_2224,20,16,0,1
2026-04-27 20:16:30+00:00,0.0,0.003672786525898,49.04296875,1,run_2026_04_27_2224,20,16,0,1
2026-04-27 20:16:45+00:00,0.0,0.003672786525898,49.04296875,1,run_2026_04_27_2224,20,16,0,1
2026-04-27 20:17:00+00:00,0.0,0.003672786525898,49.04296875,1,run_2026_04_27_2224,20,17,0,1
2026-04-27 20:17:15+00:00,0.0,0.003672786525898,49.04296875,1,run_2026_04_27_2224,20,17,0,1
2026-04-27 20:17:30+00:00,0.0,0.003672786525898,49.04296875,1,run_2026_04_27_2224,20,17,0,1
2026-04-27 20:17:45+00:00,0.0,0.003672786525898,49.04296875,1,run_2026_04_27_2224,20,17,0,1
2026-04-27 20:18:00+00:00,0.0,0.003672786525898,49.04296875,1,run_2026_04_27_2224,20,18,0,1
2026-04-27 20:18:15+00:00,0.0,0.003672786525898,49.04296875,1,run_2026_04_27_2224,20,18,0,1
2026-04-27 20:18:30+00:00,0.0,0.003672786525898,49.04296875,1,run_2026_04_27_2224,20,18,0,1
2026-04-27 20:18:45+00:00,0.0,0.003672786525898,49.04296875,1,run_2026_04_27_2224,20,18,0,1
2026-04-27 20:19:00+00:00,0.0,0.003672786525898,49.04296875,1,run_2026_04_27_2224,20,19,0,1
2026-04-27 20:19:15+00:00,0.0,0.003672786525898,49.04296875,1,run_2026_04_27_2224,20,19,0,1
2026-04-27 20:19:30+00:00,0.0,0.003672786525898,49.04296875,1,run_2026_04_27_2224,20,19,0,1
2026-04-27 20:19:45+00:00,0.0,0.003672786525898,49.04296875,1,run_2026_04_27_2224,20,19,0,1
2026-04-27 20:20:00+00:00,0.0,0.003672786525898,49.04296875,1,run_2026_04_27_2224,20,20,0,1
2026-04-27 20:20:15+00:00,0.0,0.003672786525898,49.04296875,1,run_2026_04_27_2224,20,20,0,1
2026-04-27 20:20:30+00:00,0.0,0.003672786525898,49.04296875,1,run_2026_04_27_2224,20,20,0,1
2026-04-27 20:20:45+00:00,0.0,0.003672786525898,49.04296875,1,run_2026_04_27_2224,20,20,0,1
2026-04-27 20:21:00+00:00,0.0,0.003672786525898,49.04296875,1,run_2026_04_27_2224,20,21,0,1
2026-04-27 20:21:15+00:00,0.0,0.003672786525898,49.04296875,1,run_2026_04_27_2224,20,21,0,1
2026-04-27 20:21:30+00:00,0.0,0.003672786525898,49.04296875,1,run_2026_04_27_2224,20,21,0,1
2026-04-27 20:21:45+00:00,0.0,0.003672786525898,49.04296875,1,run_2026_04_27_2224,20,21,0,1
2026-04-27 20:22:00+00:00,0.0,0.003672786525898,49.04296875,1,run_2026_04_27_2224,20,22,0,1
2026-04-27 20:22:15+00:00,0.0,0.003672786525898,49.04296875,1,run_2026_04_27_2224,20,22,0,1
2026-04-27 20:22:30+00:00,0.0,0.003672786525898,49.04296875,1,run_2026_04_27_2224,20,22,0,1
2026-04-27 20:22:45+00:00,0.0,0.003672786525898,49.04296875,1,run_2026_04_27_2224,20,22,0,1
2026-04-27 20:23:00+00:00,0.0,0.003672786525898,49.04296875,1,run_2026_04_27_2224,20,23,0,1
2026-04-28 15:23:45+00:00,0.0622647406069865,0.007035666629627,64.44921875,1,run_2026_04_28,15,23,1,1
2026-04-28 15:24:00+00:00,0.0622647406069865,0.007035666629627,67.07421875,1,run_2026_04_28,15,24,1,1
2026-04-28 15:24:15+00:00,0.7949219216073427,0.0131755370963718,67.82421875,1,run_2026_04_28,15,24,1,1
2026-04-28 15:24:30+00:00,1.62240592896775,0.0193486502010338,68.28515625,1,run_2026_04_28,15,24,1,2
2026-04-28 15:24:45+00:00,2.6081208687440984,0.0237509348441926,68.7734375,1,run_2026_04_28,15,24,1,2
2026-04-28 15:25:00+00:00,3.8272369476053902,0.0313472800444074,69.73046875,1,run_2026_04_28,15,25,1,2
2026-04-28 15:25:15+00:00,4.896737775158123,0.0434674570968692,70.3984375,1,run_2026_04_28,15,25,1,3
2026-04-28 15:25:30+00:00,5.984426627232606,0.0501922641465837,70.103515625,2,run_2026_04_28,15,25,1,5
2026-04-28 15:25:45+00:00,7.040727777335415,0.0653199106271831,71.052734375,2,run_2026_04_28,15,25,1,5
2026-04-28 15:26:00+00:00,11.163247279093328,0.095487509437427,72.53515625,2,run_2026_04_28,15,26,1,5
2026-04-28 15:26:15+00:00,18.906427754070037,0.1636666538471262,72.13932291666667,3,run_2026_04_28,15,26,1,5
2026-04-28 15:26:30+00:00,30.553044878952463,0.2631037026016155,71.9015625,5,run_2026_04_28,15,26,1,5
2026-04-28 15:26:45+00:00,47.29958943619432,0.4134253531399424,72.53203125,5,run_2026_04_28,15,26,1,5
2026-04-28 15:27:00+00:00,57.3267286135945,0.4987504547868771,73.2375,5,run_2026_04_28,15,27,1,5
2026-04-28 15:27:15+00:00,60.91920102101103,0.5245631976405055,73.85078125,5,run_2026_04_28,15,27,1,5
2026-04-28 15:27:30+00:00,57.02436363678904,0.5041651357200153,74.06796875,5,run_2026_04_28,15,27,1,5
2026-04-28 15:27:45+00:00,49.92650461386503,0.4403363984365738,74.10703125,5,run_2026_04_28,15,27,1,5
2026-04-28 15:28:00+00:00,43.61466138589396,0.3961380452942648,74.05859375,5,run_2026_04_28,15,28,1,5
2026-04-28 15:28:15+00:00,36.862211530037264,0.3129043298485572,74.22109375,5,run_2026_04_28,15,28,1,5
2026-04-28 15:28:30+00:00,30.480122524708698,0.2593179371236812,74.265625,5,run_2026_04_28,15,28,1,5
2026-04-28 15:28:45+00:00,23.683282267923108,0.2158873806275396,74.26328125,5,run_2026_04_28,15,28,1,5
2026-04-28 15:29:00+00:00,23.00976660690847,0.2293579994348002,74.43203125,5,run_2026_04_28,15,29,1,5
2026-04-28 15:29:15+00:00,31.660343637689653,0.3136103636096779,75.17421875,5,run_2026_04_28,15,29,1,5
2026-04-28 15:29:30+00:00,47.35695352116128,0.4332498421586909,76.271875,5,run_2026_04_28,15,29,1,5
2026-04-28 15:29:45+00:00,66.72064011301465,0.5718166144192021,77.21328125,5,run_2026_04_28,15,29,1,5
2026-04-28 15:30:00+00:00,75.42102235322655,0.6284724315432761,78.078125,5,run_2026_04_28,15,30,1,5
2026-04-28 15:30:15+00:00,78.07570332731298,0.6610538594232875,78.18046875,5,run_2026_04_28,15,30,1,5
2026-04-28 15:30:30+00:00,70.95288953693546,0.6162001495280698,74.7078125,5,run_2026_04_28,15,30,1,5
2026-04-28 15:30:45+00:00,62.75187151595529,0.5622062710435312,75.4140625,5,run_2026_04_28,15,30,1,5
2026-04-28 15:31:00+00:00,52.590173453189415,0.4520917502766263,75.88671875,5,run_2026_04_28,15,31,1,5
2026-04-28 15:31:15+00:00,44.20263456514463,0.3810191669381679,76.56171875,5,run_2026_04_28,15,31,1,5
2026-04-28 15:31:30+00:00,34.321063262206614,0.3064304447369906,76.98125,5,run_2026_04_28,15,31,1,5
2026-04-28 15:31:45+00:00,27.26775879217003,0.2615756376286435,77.16953125,5,run_2026_04_28,15,31,1,5
2026-04-28 15:32:00+00:00,25.15179788911325,0.2311171231980596,77.6859375,5,run_2026_04_28,15,32,1,5
2026-04-28 15:32:15+00:00,29.462448793677908,0.2461780216056958,77.9015625,5,run_2026_04_28,15,32,1,5
2026-04-28 15:32:30+00:00,37.79064070364412,0.3312367290207085,78.165625,5,run_2026_04_28,15,32,1,5
2026-04-28 15:32:45+00:00,44.79572382634327,0.3856107712428134,78.234375,5,run_2026_04_28,15,32,1,5
2026-04-28 15:33:00+00:00,47.37194692206718,0.4234689083817335,78.39296875,5,run_2026_04_28,15,33,1,5
2026-04-28 15:33:15+00:00,43.38075197242822,0.3876175460151251,78.41015625,5,run_2026_04_28,15,33,1,5
2026-04-28 15:33:30+00:00,35.73195632913822,0.3317530439144351,78.51875,5,run_2026_04_28,15,33,1,5
2026-04-28 15:33:45+00:00,28.54815089901495,0.2655498291219892,78.46953125,5,run_2026_04_28,15,33,1,5
2026-04-28 15:34:00+00:00,22.190380303042627,0.2281462456746835,78.39765625,5,run_2026_04_28,15,34,1,5
2026-04-28 15:34:15+00:00,15.556711572771034,0.168778392515786,78.4796875,5,run_2026_04_28,15,34,1,5
2026-04-28 15:34:30+00:00,9.524387903694224,0.1228453878021624,78.46328125,5,run_2026_04_28,15,34,1,5
2026-04-28 15:34:45+00:00,4.287478684721175,0.0670966513697645,78.48359375,5,run_2026_04_28,15,34,1,5
2026-04-28 15:35:00+00:00,1.2293682413204323,0.047162538112709,78.48359375,5,run_2026_04_28,15,35,1,5
2026-04-28 15:35:15+00:00,0.0233890773009004,0.0348231356882553,78.5171875,5,run_2026_04_28,15,35,1,5
2026-04-28 15:35:30+00:00,0.0,0.0346140713442581,78.53125,5,run_2026_04_28,15,35,1,5
2026-04-28 15:35:45+00:00,0.0,0.0345226966833458,78.5828125,5,run_2026_04_28,15,35,1,5
2026-04-28 15:36:00+00:00,0.0,0.0362401249820123,78.57265625,5,run_2026_04_28,15,36,1,5
2026-04-28 15:36:15+00:00,0.0,0.0376083073601851,78.5796875,5,run_2026_04_28,15,36,1,5
2026-04-28 15:36:30+00:00,0.0,0.0382087539928233,78.5671875,5,run_2026_04_28,15,36,1,5
2026-04-28 15:36:45+00:00,0.0,0.036268701476322,78.559375,5,run_2026_04_28,15,36,1,5
2026-04-28 15:37:00+00:00,0.0,0.0356005406152648,78.559375,5,run_2026_04_28,15,37,1,5
2026-04-28 15:37:15+00:00,0.0,0.0341007844170199,78.559375,5,run_2026_04_28,15,37,1,5
2026-04-28 15:37:30+00:00,0.0,0.033943913322554,78.559375,5,run_2026_04_28,15,37,1,4
2026-04-28 15:37:45+00:00,0.0,0.033368558530412,78.62421875,5,run_2026_04_28,15,37,1,4
2026-04-28 15:38:00+00:00,0.0,0.0344388493651515,78.62421875,5,run_2026_04_28,15,38,1,3
2026-04-28 15:38:15+00:00,0.0,0.0334918473690539,78.5984375,5,run_2026_04_28,15,38,1,2
2026-04-28 15:38:30+00:00,0.0,0.0345812017337329,78.6171875,4,run_2026_04_28,15,38,1,1
2026-04-28 15:38:45+00:00,0.0,0.0322934918497257,78.5986328125,4,run_2026_04_28,15,38,1,1
2026-04-28 15:39:00+00:00,0.0,0.031685815687236,78.34895833333333,3,run_2026_04_28,15,39,1,1
2026-04-28 15:39:15+00:00,0.0,0.0229920014362234,78.294921875,2,run_2026_04_28,15,39,1,1
2026-04-28 15:39:30+00:00,0.0,0.0174593946155087,79.0703125,1,run_2026_04_28,15,39,1,1
2026-04-28 15:39:45+00:00,0.0,0.0105676116756454,79.0703125,1,run_2026_04_28,15,39,1,1
2026-04-28 15:40:00+00:00,0.0,0.0074198201488108,79.0703125,1,run_2026_04_28,15,40,1,1
2026-04-28 15:40:15+00:00,0.0,0.0080120021566374,79.0703125,1,run_2026_04_28,15,40,1,1
2026-04-28 15:40:30+00:00,0.0,0.0080292836454033,79.0703125,1,run_2026_04_28,15,40,1,1
2026-04-28 15:40:45+00:00,0.0,0.0081797255526415,79.0703125,1,run_2026_04_28,15,40,1,1
2026-04-28 15:41:00+00:00,0.0,0.0079509998403904,79.0703125,1,run_2026_04_28,15,41,1,1
2026-04-28 15:41:15+00:00,0.0,0.0080003044924346,79.0703125,1,run_2026_04_28,15,41,1,1
2026-04-28 15:41:30+00:00,0.0,0.0079792412801971,79.0703125,1,run_2026_04_28,15,41,1,1
2026-04-28 15:41:45+00:00,0.0,0.0080895606326889,79.0703125,1,run_2026_04_28,15,41,1,1
2026-04-28 15:42:00+00:00,0.0,0.0083201560290159,79.0703125,1,run_2026_04_28,15,42,1,1
2026-04-28 15:42:15+00:00,0.0,0.0084165649070072,79.0703125,1,run_2026_04_28,15,42,1,1
2026-04-28 15:42:30+00:00,0.0,0.0083407547946144,79.0703125,1,run_2026_04_28,15,42,1,1
2026-04-28 15:42:45+00:00,0.0,0.0077153090943253,79.0703125,1,run_2026_04_28,15,42,1,1
2026-04-28 15:43:00+00:00,0.0,0.0070527048301352,79.0703125,1,run_2026_04_28,15,43,1,1
2026-04-28 15:43:15+00:00,0.0,0.0068392827844836,79.0703125,1,run_2026_04_28,15,43,1,1
2026-04-28 15:43:30+00:00,0.0,0.0067705995072541,79.0703125,1,run_2026_04_28,15,43,1,1
2026-04-28 15:43:45+00:00,0.0,0.0068723164107506,79.0703125,1,run_2026_04_28,15,43,1,1
2026-04-28 15:44:00+00:00,0.0,0.0066582362500284,79.0703125,1,run_2026_04_28,15,44,1,1
2026-04-28 15:44:15+00:00,0.0,0.0078644133302882,79.0703125,1,run_2026_04_28,15,44,1,1
2026-04-28 15:44:30+00:00,0.0,0.0079638984785663,79.0703125,1,run_2026_04_28,15,44,1,1
2026-04-28 15:44:45+00:00,0.0,0.0081481879846642,79.0703125,1,run_2026_04_28,15,44,1,1
2026-04-28 15:45:00+00:00,0.0,0.0083799904649232,79.0703125,1,run_2026_04_28,15,45,1,1
2026-04-28 15:45:15+00:00,0.0,0.0081145403721015,79.0703125,1,run_2026_04_28,15,45,1,1
2026-04-28 15:45:30+00:00,0.0,0.0086080941176471,79.0703125,1,run_2026_04_28,15,45,1,1
2026-04-28 15:45:45+00:00,0.0,0.0081771479387085,79.0703125,1,run_2026_04_28,15,45,1,1
2026-04-28 15:46:00+00:00,0.0,0.0083446439047283,79.0703125,1,run_2026_04_28,15,46,1,1
2026-04-28 15:46:15+00:00,0.0,0.0064962825057662,79.0703125,1,run_2026_04_28,15,46,1,1
2026-04-28 15:46:30+00:00,0.0,0.0047418897165696,79.0703125,1,run_2026_04_28,15,46,1,1
2026-04-28 15:46:45+00:00,0.0,0.0047418897165696,79.0703125,1,run_2026_04_28,15,46,1,1
2026-04-28 15:47:00+00:00,0.0,0.0047418897165696,79.0703125,1,run_2026_04_28,15,47,1,1
2026-04-28 15:47:15+00:00,0.0,0.0047418897165696,79.0703125,1,run_2026_04_28,15,47,1,1
2026-04-28 15:47:30+00:00,0.0,0.0047418897165696,79.0703125,1,run_2026_04_28,15,47,1,1
2026-04-28 15:47:45+00:00,0.0,0.0047418897165696,79.0703125,1,run_2026_04_28,15,47,1,1
2026-04-28 15:48:00+00:00,0.0,0.0047418897165696,79.0703125,1,run_2026_04_28,15,48,1,1
2026-04-28 15:48:15+00:00,0.0,0.0047418897165696,79.0703125,1,run_2026_04_28,15,48,1,1
2026-04-28 15:48:30+00:00,0.0,0.0047418897165696,79.0703125,1,run_2026_04_28,15,48,1,1
2026-04-28 15:48:45+00:00,0.0,0.0047418897165696,79.0703125,1,run_2026_04_28,15,48,1,1
2026-04-28 15:49:00+00:00,0.0,0.0047418897165696,79.0703125,1,run_2026_04_28,15,49,1,1
2026-04-28 15:49:15+00:00,0.0,0.0047418897165696,79.0703125,1,run_2026_04_28,15,49,1,1
2026-04-28 15:49:30+00:00,0.0,0.0047418897165696,79.0703125,1,run_2026_04_28,15,49,1,1
2026-04-28 15:49:45+00:00,0.0,0.0047418897165696,79.0703125,1,run_2026_04_28,15,49,1,1
2026-04-28 15:50:00+00:00,0.0,0.0047418897165696,79.0703125,1,run_2026_04_28,15,50,1,1
2026-04-28 15:50:15+00:00,0.0,0.0047418897165696,79.0703125,1,run_2026_04_28,15,50,1,1
2026-04-28 15:50:30+00:00,0.0,0.0047418897165696,79.0703125,1,run_2026_04_28,15,50,1,1
2026-04-28 15:50:45+00:00,0.0,0.0047418897165696,79.0703125,1,run_2026_04_28,15,50,1,1
2026-04-28 15:51:00+00:00,0.0,0.0047418897165696,79.0703125,1,run_2026_04_28,15,51,1,1
2026-04-28 15:51:15+00:00,0.0,0.0047418897165696,79.0703125,1,run_2026_04_28,15,51,1,1
2026-04-28 15:51:30+00:00,0.0,0.0047418897165696,79.0703125,1,run_2026_04_28,15,51,1,1
2026-04-28 15:51:45+00:00,0.0,0.0047418897165696,79.0703125,1,run_2026_04_28,15,51,1,1
2026-04-28 15:52:00+00:00,0.0,0.0047418897165696,79.0703125,1,run_2026_04_28,15,52,1,1
2026-04-28 15:52:15+00:00,0.0,0.0047418897165696,79.0703125,1,run_2026_04_28,15,52,1,1
2026-04-28 15:52:30+00:00,0.0,0.0047418897165696,79.0703125,1,run_2026_04_28,15,52,1,1
2026-04-28 15:52:45+00:00,0.0,0.0047418897165696,79.0703125,1,run_2026_04_28,15,52,1,1
2026-04-28 15:53:00+00:00,0.0,0.0047418897165696,79.0703125,1,run_2026_04_28,15,53,1,1
2026-04-28 15:53:15+00:00,0.0,0.0047418897165696,79.0703125,1,run_2026_04_28,15,53,1,1
2026-04-28 15:53:30+00:00,0.0,0.0047418897165696,79.0703125,1,run_2026_04_28,15,53,1,1
2026-04-28 15:53:45+00:00,0.0,0.0047418897165696,79.0703125,1,run_2026_04_28,15,53,1,1
2026-04-28 15:54:00+00:00,0.0,0.0047418897165696,79.0703125,1,run_2026_04_28,15,54,1,1
2026-04-28 15:54:15+00:00,0.0,0.0047418897165696,79.0703125,1,run_2026_04_28,15,54,1,1
2026-04-28 15:54:30+00:00,0.0,0.0047418897165696,79.0703125,1,run_2026_04_28,15,54,1,1
2026-04-28 15:54:45+00:00,0.0,0.0047418897165696,79.0703125,1,run_2026_04_28,15,54,1,1
2026-04-28 15:55:00+00:00,0.0,0.0047418897165696,79.0703125,1,run_2026_04_28,15,55,1,1
2026-04-28 15:55:15+00:00,0.0,0.0047418897165696,79.0703125,1,run_2026_04_28,15,55,1,1
2026-04-28 15:55:30+00:00,0.0,0.0047418897165696,79.0703125,1,run_2026_04_28,15,55,1,1
2026-04-28 15:55:45+00:00,0.0,0.0047418897165696,79.0703125,1,run_2026_04_28,15,55,1,1
2026-04-28 15:56:00+00:00,0.0,0.0047418897165696,79.0703125,1,run_2026_04_28,15,56,1,1
2026-04-28 15:56:15+00:00,0.0,0.0047418897165696,79.0703125,1,run_2026_04_28,15,56,1,1
2026-04-28 15:56:30+00:00,0.0,0.0047418897165696,79.0703125,1,run_2026_04_28,15,56,1,1
2026-04-28 15:56:45+00:00,0.0,0.0047418897165696,79.0703125,1,run_2026_04_28,15,56,1,1
2026-04-28 15:57:00+00:00,0.0,0.0047418897165696,79.0703125,1,run_2026_04_28,15,57,1,1
2026-04-28 15:57:15+00:00,0.0,0.0047418897165696,79.0703125,1,run_2026_04_28,15,57,1,1
2026-04-28 15:57:30+00:00,0.0,0.0047418897165696,79.0703125,1,run_2026_04_28,15,57,1,1
2026-04-28 15:57:45+00:00,0.0,0.0047418897165696,79.0703125,1,run_2026_04_28,15,57,1,1
2026-04-28 15:58:00+00:00,0.0,0.0047418897165696,79.0703125,1,run_2026_04_28,15,58,1,1
2026-04-28 15:58:15+00:00,0.0,0.0047418897165696,79.0703125,1,run_2026_04_28,15,58,1,1
2026-04-28 15:58:30+00:00,0.0,0.0047418897165696,79.0703125,1,run_2026_04_28,15,58,1,1
2026-04-28 15:58:45+00:00,0.0,0.0047418897165696,79.0703125,1,run_2026_04_28,15,58,1,1
2026-04-28 15:59:00+00:00,0.0,0.0047418897165696,79.0703125,1,run_2026_04_28,15,59,1,1
2026-04-29 14:42:45+00:00,0.1246888888888888,0.0067397122844444,63.8671875,1,run_2026_04_29,14,42,2,1
2026-04-29 14:43:00+00:00,0.1246888888888888,0.0067397122844444,66.9921875,1,run_2026_04_29,14,43,2,1
2026-04-29 14:43:15+00:00,0.7975899813099739,0.0105327222531912,67.7421875,1,run_2026_04_29,14,43,2,1
2026-04-29 14:43:30+00:00,1.6444145575330713,0.0164257538569424,68.55859375,1,run_2026_04_29,14,43,2,1
2026-04-29 14:43:45+00:00,2.577254219886284,0.0222271625773508,69.11328125,1,run_2026_04_29,14,43,2,1
2026-04-29 14:44:00+00:00,3.76019077076067,0.0324538355232851,69.99609375,1,run_2026_04_29,14,44,2,1
2026-04-29 14:44:15+00:00,4.682977558839628,0.0391626263935701,71.3046875,1,run_2026_04_29,14,44,2,2
2026-04-29 14:44:30+00:00,5.755175281193925,0.0439694297343428,72.78125,1,run_2026_04_29,14,44,2,4
2026-04-29 14:44:45+00:00,6.4740283562442,0.0447463259889078,73.3515625,1,run_2026_04_29,14,44,2,5
2026-04-29 14:45:00+00:00,10.34135226326629,0.07683791244906,75.078125,1,run_2026_04_29,14,45,2,5
2026-04-29 14:45:15+00:00,16.43273591017059,0.1362645217015763,72.36328125,2,run_2026_04_29,14,45,2,5
2026-04-29 14:45:30+00:00,28.531026578517043,0.2404649521900154,70.9619140625,4,run_2026_04_29,14,45,2,5
2026-04-29 14:45:45+00:00,40.56464633121435,0.3519015157924747,71.44453125,5,run_2026_04_29,14,45,2,5
2026-04-29 14:46:00+00:00,51.13522618957085,0.424057135779769,72.66640625,5,run_2026_04_29,14,46,2,5
2026-04-29 14:46:15+00:00,57.466547918186166,0.4831657631818255,72.70859375,5,run_2026_04_29,14,46,2,5
2026-04-29 14:46:30+00:00,57.25771467131991,0.4531471977567201,72.8328125,5,run_2026_04_29,14,46,2,5
2026-04-29 14:46:45+00:00,51.36600169102528,0.4177973178468937,73.034375,5,run_2026_04_29,14,46,2,5
2026-04-29 14:47:00+00:00,43.68813918995882,0.3672167612480927,72.03515625,5,run_2026_04_29,14,47,2,5
2026-04-29 14:47:15+00:00,38.48986729582196,0.3343647184157894,72.7078125,5,run_2026_04_29,14,47,2,5
2026-04-29 14:47:30+00:00,31.20478858244481,0.2741571483378947,73.159375,5,run_2026_04_29,14,47,2,5
2026-04-29 14:47:45+00:00,26.688524590163933,0.2281934107806273,73.27109375,5,run_2026_04_29,14,47,2,5
2026-04-29 14:48:00+00:00,21.82333556528428,0.1839240246630981,73.340625,5,run_2026_04_29,14,48,2,5
2026-04-29 14:48:15+00:00,22.77476565324833,0.1884888878265172,73.87265625,5,run_2026_04_29,14,48,2,5
2026-04-29 14:48:30+00:00,29.45213383406734,0.2432844120994927,74.315625,5,run_2026_04_29,14,48,2,5
2026-04-29 14:48:45+00:00,43.03186477379738,0.3292320335907576,75.02421875,5,run_2026_04_29,14,48,2,5
2026-04-29 14:49:00+00:00,58.67451781882248,0.4566303344942244,76.25859375,5,run_2026_04_29,14,49,2,5
2026-04-29 14:49:15+00:00,72.85150708806385,0.5430262413514436,77.4921875,5,run_2026_04_29,14,49,2,5
2026-04-29 14:49:30+00:00,74.55544852221351,0.5698787555658201,77.7109375,5,run_2026_04_29,14,49,2,5
2026-04-29 14:49:45+00:00,71.03807763371186,0.5551080524339765,77.7984375,5,run_2026_04_29,14,49,2,5
2026-04-29 14:50:00+00:00,47.97546424453501,0.3968109484318624,77.7984375,5,run_2026_04_29,14,50,2,5
2026-04-29 14:50:15+00:00,28.858688488244955,0.248555551089865,77.7984375,5,run_2026_04_29,14,50,2,5
2026-04-29 14:50:30+00:00,6.835042812777576,0.0571294832750446,77.8,5,run_2026_04_29,14,50,2,5
2026-04-29 14:50:45+00:00,7.765431313569053,0.0669398643430319,77.85546875,5,run_2026_04_29,14,50,2,5
2026-04-29 14:51:00+00:00,26.620411507151776,0.2237678386050822,77.934375,5,run_2026_04_29,14,51,2,5
2026-04-29 14:51:15+00:00,38.34250482304571,0.3286281251389507,78.05078125,5,run_2026_04_29,14,51,2,5
2026-04-29 14:51:30+00:00,32.68102757597736,0.2959306736317985,78.1,5,run_2026_04_29,14,51,2,5
2026-04-29 14:51:45+00:00,25.978304548713247,0.2439137466116473,78.20078125,5,run_2026_04_29,14,51,2,5
2026-04-29 14:52:00+00:00,24.6452101320422,0.2524050253159267,78.0890625,5,run_2026_04_29,14,52,2,5
2026-04-29 14:52:15+00:00,26.238255835680494,0.2580364303516846,78.26875,5,run_2026_04_29,14,52,2,5
2026-04-29 14:52:30+00:00,32.34359421022029,0.2974873734706663,78.371875,5,run_2026_04_29,14,52,2,5
2026-04-29 14:52:45+00:00,38.76082410229149,0.3293079976084851,78.47734375,5,run_2026_04_29,14,52,2,5
2026-04-29 14:53:00+00:00,44.06571166517652,0.3697292248437228,78.53125,5,run_2026_04_29,14,53,2,5
2026-04-29 14:53:15+00:00,43.74831965759298,0.3688502199129091,78.63515625,5,run_2026_04_29,14,53,2,5
2026-04-29 14:53:30+00:00,39.98590235402094,0.3571009203397912,78.71953125,5,run_2026_04_29,14,53,2,5
2026-04-29 14:53:45+00:00,32.8832579721836,0.3024627544990421,78.6640625,5,run_2026_04_29,14,53,2,5
2026-04-29 14:54:00+00:00,27.244719514499018,0.2598578411723763,78.68828125,5,run_2026_04_29,14,54,2,5
2026-04-29 14:54:15+00:00,21.060491618035734,0.2046444945532629,78.6609375,5,run_2026_04_29,14,54,2,5
2026-04-29 14:54:30+00:00,15.42885848384973,0.1598563314112363,78.684375,5,run_2026_04_29,14,54,2,5
2026-04-29 14:54:45+00:00,9.295002662001178,0.1130040173771093,78.65859375,5,run_2026_04_29,14,54,2,5
2026-04-29 14:55:00+00:00,4.072160434363779,0.0677478342702129,78.65859375,5,run_2026_04_29,14,55,2,5
2026-04-29 14:55:15+00:00,1.0137831366881649,0.0437177407572816,78.6734375,5,run_2026_04_29,14,55,2,5
2026-04-29 14:55:30+00:00,0.0,0.0361732355646193,78.69140625,5,run_2026_04_29,14,55,2,5
2026-04-29 14:55:45+00:00,0.0,0.0363360134085998,78.65703125,5,run_2026_04_29,14,55,2,5
2026-04-29 14:56:00+00:00,0.0,0.0371880352151467,78.6765625,5,run_2026_04_29,14,56,2,5
2026-04-29 14:56:15+00:00,0.0,0.0385299794332247,78.6359375,5,run_2026_04_29,14,56,2,5
2026-04-29 14:56:30+00:00,0.0,0.0403746119427417,78.69921875,5,run_2026_04_29,14,56,2,5
2026-04-29 14:56:45+00:00,0.0,0.0401918208717604,78.74453125,5,run_2026_04_29,14,56,2,5
2026-04-29 14:57:00+00:00,0.0,0.0387490121149928,78.7875,5,run_2026_04_29,14,57,2,5
2026-04-29 14:57:15+00:00,0.0,0.0361119254663498,78.7875,5,run_2026_04_29,14,57,2,5
2026-04-29 14:57:30+00:00,0.0,0.0361835899599496,78.7875,5,run_2026_04_29,14,57,2,5
2026-04-29 14:57:45+00:00,0.0,0.0355529000970129,78.7875,5,run_2026_04_29,14,57,2,5
2026-04-29 14:58:00+00:00,0.0,0.0367196933967575,78.7875,5,run_2026_04_29,14,58,2,5
2026-04-29 14:58:15+00:00,0.0,0.0363665993703535,78.7875,5,run_2026_04_29,14,58,2,5
2026-04-29 14:58:30+00:00,0.0,0.0368851606784229,78.7875,5,run_2026_04_29,14,58,2,3
2026-04-29 14:58:45+00:00,0.0,0.0360753092331042,78.8078125,5,run_2026_04_29,14,58,2,2
2026-04-29 14:59:00+00:00,0.0,0.0357607474213129,78.8171875,5,run_2026_04_29,14,59,2,1
2026-04-29 14:59:15+00:00,0.0,0.0340267913435191,78.77890625,5,run_2026_04_29,14,59,2,1
2026-04-29 14:59:30+00:00,0.0,0.0302464492298729,78.4140625,3,run_2026_04_29,14,59,2,1
2026-04-29 14:59:45+00:00,0.0,0.0249556394817211,78.375,2,run_2026_04_29,14,59,2,1
2026-04-29 15:00:00+00:00,0.0,0.0167097532328531,78.703125,1,run_2026_04_29,15,0,2,1
2026-04-29 15:00:15+00:00,0.0,0.0113806204776655,78.703125,1,run_2026_04_29,15,0,2,1
2026-04-29 15:00:30+00:00,0.0,0.0077294346722673,78.703125,1,run_2026_04_29,15,0,2,1
2026-04-29 15:00:45+00:00,0.0,0.0081282890487058,78.703125,1,run_2026_04_29,15,0,2,1
2026-04-29 15:01:00+00:00,0.0,0.0088351335986355,78.703125,1,run_2026_04_29,15,1,2,1
2026-04-29 15:01:15+00:00,0.0,0.0088315524692024,78.703125,1,run_2026_04_29,15,1,2,1
2026-04-29 15:01:30+00:00,0.0,0.0091019463072588,78.703125,1,run_2026_04_29,15,1,2,1
2026-04-29 15:01:45+00:00,0.0,0.0089136424185322,78.703125,1,run_2026_04_29,15,1,2,1
2026-04-29 15:02:00+00:00,0.0,0.0089573647180881,78.703125,1,run_2026_04_29,15,2,2,1
2026-04-29 15:02:15+00:00,0.0,0.008843821936906,78.703125,1,run_2026_04_29,15,2,2,1
2026-04-29 15:02:30+00:00,0.0,0.0087827402250991,78.703125,1,run_2026_04_29,15,2,2,1
2026-04-29 15:02:45+00:00,0.0,0.0088679769139957,78.703125,1,run_2026_04_29,15,2,2,1
2026-04-29 15:03:00+00:00,0.0,0.00867987536263,78.703125,1,run_2026_04_29,15,3,2,1
2026-04-29 15:03:15+00:00,0.0,0.0087835305935274,78.703125,1,run_2026_04_29,15,3,2,1
2026-04-29 15:03:30+00:00,0.0,0.0086503176783721,78.703125,1,run_2026_04_29,15,3,2,1
2026-04-29 15:03:45+00:00,0.0,0.0087157549950869,78.703125,1,run_2026_04_29,15,3,2,1
2026-04-29 15:04:00+00:00,0.0,0.0084518305259539,78.703125,1,run_2026_04_29,15,4,2,1
2026-04-29 15:04:15+00:00,0.0,0.0084047213114755,78.703125,1,run_2026_04_29,15,4,2,1
2026-04-29 15:04:30+00:00,0.0,0.0085827528379774,78.703125,1,run_2026_04_29,15,4,2,1
2026-04-29 15:04:45+00:00,0.0,0.0087247934967877,78.703125,1,run_2026_04_29,15,4,2,1
2026-04-29 15:05:00+00:00,0.0,0.0086285063791399,78.703125,1,run_2026_04_29,15,5,2,1
2026-04-29 15:05:15+00:00,0.0,0.0085257882784521,78.703125,1,run_2026_04_29,15,5,2,1
2026-04-29 15:05:30+00:00,0.0,0.0085482584076871,78.703125,1,run_2026_04_29,15,5,2,1
2026-04-29 15:05:45+00:00,0.0,0.0086965392336562,78.703125,1,run_2026_04_29,15,5,2,1
2026-04-29 15:06:00+00:00,0.0,0.0083426283702558,78.703125,1,run_2026_04_29,15,6,2,1
2026-04-29 15:06:15+00:00,0.0,0.008189221085759,78.703125,1,run_2026_04_29,15,6,2,1
2026-04-29 15:06:30+00:00,0.0,0.007760091999484,78.703125,1,run_2026_04_29,15,6,2,1
2026-04-29 15:06:45+00:00,0.0,0.0077829830004806,78.703125,1,run_2026_04_29,15,6,2,1
2026-04-29 15:07:00+00:00,0.0,0.0073841460794844,78.703125,1,run_2026_04_29,15,7,2,1
2026-04-29 15:07:15+00:00,0.0,0.0076891053643195,78.703125,1,run_2026_04_29,15,7,2,1
2026-04-29 15:07:30+00:00,0.0,0.0077233202429236,78.703125,1,run_2026_04_29,15,7,2,1
2026-04-29 15:07:45+00:00,0.0,0.0082789915966385,78.703125,1,run_2026_04_29,15,7,2,1
2026-04-29 15:08:00+00:00,0.0,0.0081255600574526,78.703125,1,run_2026_04_29,15,8,2,1
2026-04-29 15:08:15+00:00,0.0,0.0083702515764439,78.703125,1,run_2026_04_29,15,8,2,1
2026-04-29 15:08:30+00:00,0.0,0.0082784106755918,78.703125,1,run_2026_04_29,15,8,2,1
2026-04-29 15:08:45+00:00,0.0,0.0085608466764237,78.703125,1,run_2026_04_29,15,8,2,1
2026-04-29 15:09:00+00:00,0.0,0.0082950872448651,78.703125,1,run_2026_04_29,15,9,2,1
2026-04-29 15:09:15+00:00,0.0,0.0082908563071617,78.703125,1,run_2026_04_29,15,9,2,1
2026-04-29 15:09:30+00:00,0.0,0.0079982416262812,78.703125,1,run_2026_04_29,15,9,2,1
2026-04-29 15:09:45+00:00,0.0,0.0080277165491806,78.703125,1,run_2026_04_29,15,9,2,1
2026-04-29 15:10:00+00:00,0.0,0.0078991717449146,78.703125,1,run_2026_04_29,15,10,2,1
2026-04-29 15:10:15+00:00,0.0,0.0080072080730417,78.703125,1,run_2026_04_29,15,10,2,1
2026-04-29 15:10:30+00:00,0.0,0.0081643191480222,78.703125,1,run_2026_04_29,15,10,2,1
2026-04-29 15:10:45+00:00,0.0,0.0082832434321152,78.703125,1,run_2026_04_29,15,10,2,1
2026-04-29 15:11:00+00:00,0.0,0.0083560989867497,78.703125,1,run_2026_04_29,15,11,2,1
2026-04-29 15:11:15+00:00,0.0,0.0080246673158067,78.703125,1,run_2026_04_29,15,11,2,1
2026-04-29 15:11:30+00:00,0.0,0.0078752961796879,78.703125,1,run_2026_04_29,15,11,2,1
2026-04-29 15:11:45+00:00,0.0,0.0076360454943134,78.703125,1,run_2026_04_29,15,11,2,1
2026-04-29 15:12:00+00:00,0.0,0.0077409838210283,78.703125,1,run_2026_04_29,15,12,2,1
2026-04-29 15:12:15+00:00,0.0,0.0078317688911749,78.703125,1,run_2026_04_29,15,12,2,1
2026-04-29 15:12:30+00:00,0.0,0.0082862445414849,78.703125,1,run_2026_04_29,15,12,2,1
2026-04-29 15:12:45+00:00,0.0,0.0082381258987403,78.703125,1,run_2026_04_29,15,12,2,1
2026-04-29 15:13:00+00:00,0.0,0.0083948988950519,78.703125,1,run_2026_04_29,15,13,2,1
2026-04-29 15:13:15+00:00,0.0,0.008089412925929,78.703125,1,run_2026_04_29,15,13,2,1
2026-04-29 15:13:30+00:00,0.0,0.0086921414538311,78.703125,1,run_2026_04_29,15,13,2,1
2026-04-29 15:13:45+00:00,0.0,0.0086775224046995,78.703125,1,run_2026_04_29,15,13,2,1
2026-04-29 15:14:00+00:00,0.0,0.0088417481235818,78.703125,1,run_2026_04_29,15,14,2,1
2026-04-29 15:14:15+00:00,0.0,0.0081996999571367,78.703125,1,run_2026_04_29,15,14,2,1
2026-04-29 15:14:30+00:00,0.0,0.0083081589455999,78.703125,1,run_2026_04_29,15,14,2,1
2026-04-29 15:14:45+00:00,0.0,0.0084043269436941,78.703125,1,run_2026_04_29,15,14,2,1
2026-04-29 15:15:00+00:00,0.0,0.008677952412137,78.703125,1,run_2026_04_29,15,15,2,1
2026-04-29 15:15:15+00:00,0.0,0.0084422573866804,78.703125,1,run_2026_04_29,15,15,2,1
2026-04-29 15:15:30+00:00,0.0,0.0084341981801122,78.703125,1,run_2026_04_29,15,15,2,1
2026-04-29 15:15:45+00:00,0.0,0.0082958881790508,78.703125,1,run_2026_04_29,15,15,2,1
2026-04-29 15:16:00+00:00,0.0,0.008455597023069,78.703125,1,run_2026_04_29,15,16,2,1
2026-04-29 15:16:15+00:00,0.0,0.0086172844799861,78.703125,1,run_2026_04_29,15,16,2,1
2026-04-29 15:16:30+00:00,0.0,0.0093314926773905,78.92578125,1,run_2026_04_29,15,16,2,1
2026-04-29 15:16:45+00:00,0.0,0.0090415612266782,78.92578125,1,run_2026_04_29,15,16,2,1
2026-04-29 15:17:00+00:00,0.0,0.0091198096319263,78.92578125,1,run_2026_04_29,15,17,2,1
2026-04-29 15:17:15+00:00,0.0,0.008410653472981,78.92578125,1,run_2026_04_29,15,17,2,1
2026-04-29 15:17:30+00:00,0.0,0.0088547356948231,78.92578125,1,run_2026_04_29,15,17,2,1
2026-04-29 15:17:45+00:00,0.0,0.0086652676659529,78.92578125,1,run_2026_04_29,15,17,2,1
2026-04-29 15:18:00+00:00,0.0,0.0090236557262569,78.92578125,1,run_2026_04_29,15,18,2,1
2026-04-29 15:18:15+00:00,0.0,0.0086764907617781,78.92578125,1,run_2026_04_29,15,18,2,1
2026-04-29 15:18:30+00:00,0.0,0.0087353480253108,78.92578125,1,run_2026_04_29,15,18,2,1
2026-04-29 15:18:45+00:00,0.0,0.0084933547695605,78.92578125,1,run_2026_04_29,15,18,2,1
2026-04-29 15:19:00+00:00,0.0,0.0088023831867484,78.92578125,1,run_2026_04_29,15,19,2,1
2026-04-29 15:19:15+00:00,0.0,0.0085924639917696,78.92578125,1,run_2026_04_29,15,19,2,1
2026-04-29 15:19:30+00:00,0.0,0.0086137667721174,78.92578125,1,run_2026_04_29,15,19,2,1
2026-04-29 15:19:45+00:00,0.0,0.0084451825818618,78.92578125,1,run_2026_04_29,15,19,2,1
2026-04-29 15:20:00+00:00,0.0,0.0086623243431964,78.92578125,1,run_2026_04_29,15,20,2,1
2026-04-29 15:20:15+00:00,0.0,0.0086398449379968,78.92578125,1,run_2026_04_29,15,20,2,1
2026-04-29 15:20:30+00:00,0.0,0.0088782407710256,78.92578125,1,run_2026_04_29,15,20,2,1
2026-04-29 15:20:45+00:00,0.0,0.0088828618644892,78.92578125,1,run_2026_04_29,15,20,2,1
2026-04-29 15:21:00+00:00,0.0,0.0088935210719267,78.92578125,1,run_2026_04_29,15,21,2,1
2026-04-29 15:21:15+00:00,0.0,0.008610920062289,78.92578125,1,run_2026_04_29,15,21,2,1
2026-04-29 15:21:30+00:00,0.0,0.0087367789630687,78.92578125,1,run_2026_04_29,15,21,2,1
2026-04-29 15:21:45+00:00,0.0,0.008849283392596,78.92578125,1,run_2026_04_29,15,21,2,1
2026-04-29 15:22:00+00:00,0.0,0.009051098018211,79.0078125,1,run_2026_04_29,15,22,2,1
2026-04-29 15:22:15+00:00,0.0,0.0091379325391631,79.0078125,1,run_2026_04_29,15,22,2,1
2026-04-29 15:22:30+00:00,0.0,0.0091740173503268,78.8828125,1,run_2026_04_29,15,22,2,1
2026-04-29 15:22:45+00:00,0.0,0.008932543836692,78.8828125,1,run_2026_04_29,15,22,2,1
2026-04-29 15:23:00+00:00,0.0,0.0084346615252782,78.8828125,1,run_2026_04_29,15,23,2,1
2026-04-29 15:23:15+00:00,0.0,0.0078151825263477,78.8828125,1,run_2026_04_29,15,23,2,1
2026-04-29 15:23:30+00:00,0.0,0.0072930439812333,78.8828125,1,run_2026_04_29,15,23,2,1
2026-04-29 15:23:45+00:00,0.0,0.0072992366412214,78.8828125,1,run_2026_04_29,15,23,2,1
2026-04-29 15:24:00+00:00,0.0,0.0071472187727488,78.8828125,1,run_2026_04_29,15,24,2,1
2026-04-29 15:24:15+00:00,0.0,0.0072047105004909,78.8828125,1,run_2026_04_29,15,24,2,1
2026-04-29 15:24:30+00:00,0.0,0.0069686931197672,78.8828125,1,run_2026_04_29,15,24,2,1
2026-04-29 15:24:45+00:00,0.0,0.0071584940232092,78.8828125,1,run_2026_04_29,15,24,2,1
2026-04-29 15:25:00+00:00,0.0,0.0070790308068039,78.8828125,1,run_2026_04_29,15,25,2,1
2026-04-29 15:25:15+00:00,0.0,0.0073088033162429,78.8828125,1,run_2026_04_29,15,25,2,1
2026-04-29 15:25:30+00:00,0.0,0.0069627900002141,78.8828125,1,run_2026_04_29,15,25,2,1
2026-04-29 15:25:45+00:00,0.0,0.0070928523131284,78.8828125,1,run_2026_04_29,15,25,2,1
2026-04-29 15:26:00+00:00,0.0,0.0068881132358295,78.8828125,1,run_2026_04_29,15,26,2,1
2026-04-29 15:26:15+00:00,0.0,0.0070742170461486,78.8828125,1,run_2026_04_29,15,26,2,1
2026-04-29 15:26:30+00:00,0.0,0.0071363636363638,78.73828125,1,run_2026_04_29,15,26,2,1
2026-04-29 15:26:45+00:00,0.0,0.007244934900661,78.73828125,1,run_2026_04_29,15,26,2,1
2026-04-29 15:27:00+00:00,0.0,0.0072407359863071,78.73828125,1,run_2026_04_29,15,27,2,1
2026-04-29 15:27:15+00:00,0.0,0.0071107551487415,78.73828125,1,run_2026_04_29,15,27,2,1
2026-04-29 15:27:30+00:00,0.0,0.0068627576768455,78.73828125,1,run_2026_04_29,15,27,2,1
2026-04-29 15:27:45+00:00,0.0,0.0067835251547652,78.73828125,1,run_2026_04_29,15,27,2,1
2026-04-29 15:28:00+00:00,0.0,0.0054408216914425,78.73828125,1,run_2026_04_29,15,28,2,1
2026-04-29 15:28:15+00:00,0.0,0.0038586349445519,78.73828125,1,run_2026_04_29,15,28,2,1
2026-04-29 15:28:30+00:00,0.0,0.0037551624514143497,78.73828125,1,run_2026_04_29,15,28,2,1
2026-04-29 15:28:45+00:00,0.0,0.0036516899582768,78.73828125,1,run_2026_04_29,15,28,2,1
2026-04-29 15:29:00+00:00,0.0,0.0035482174651392502,78.73828125,1,run_2026_04_29,15,29,2,1
2026-04-29 15:29:15+00:00,0.0,0.0034447449720017,78.73828125,1,run_2026_04_29,15,29,2,1
2026-04-29 15:29:30+00:00,0.0,0.0054896056403398,78.73828125,1,run_2026_04_29,15,29,2,1
2026-04-29 15:29:45+00:00,0.0,0.0077971357246088,78.73828125,1,run_2026_04_29,15,29,2,1
2026-04-29 15:30:00+00:00,0.0,0.0073302542902049,78.73828125,1,run_2026_04_29,15,30,2,1
2026-04-29 15:30:15+00:00,0.0,0.0070571453536631,78.73828125,1,run_2026_04_29,15,30,2,1
2026-04-29 15:30:30+00:00,0.0,0.0070916629073488,78.73828125,1,run_2026_04_29,15,30,2,1
2026-04-29 15:30:45+00:00,0.0,0.0074599436348939,78.73828125,1,run_2026_04_29,15,30,2,1
2026-04-29 15:31:00+00:00,0.0,0.0075308224742469,78.73828125,1,run_2026_04_29,15,31,2,1
2026-04-29 15:31:15+00:00,0.0,0.0078756783103167,78.73828125,1,run_2026_04_29,15,31,2,1
2026-04-29 15:31:30+00:00,0.0,0.0076935274239664,78.73828125,1,run_2026_04_29,15,31,2,1
2026-04-29 15:31:45+00:00,0.0,0.0071405264868377,78.73828125,1,run_2026_04_29,15,31,2,1
2026-04-29 15:32:00+00:00,0.0,0.007413467630929,78.73828125,1,run_2026_04_29,15,32,2,1
2026-04-29 15:32:15+00:00,0.0,0.0077389056903244,78.73828125,1,run_2026_04_29,15,32,2,1
2026-04-29 15:32:30+00:00,0.0,0.0083029549667428,78.73828125,1,run_2026_04_29,15,32,2,1
2026-04-29 15:32:45+00:00,0.0,0.0080407261179297,78.73828125,1,run_2026_04_29,15,32,2,1
2026-04-29 15:33:00+00:00,0.0,0.0079858360655738,78.73828125,1,run_2026_04_29,15,33,2,1
2026-04-29 15:33:15+00:00,0.0,0.0077544100900282,78.73828125,1,run_2026_04_29,15,33,2,1
2026-04-29 15:33:30+00:00,0.0,0.0083732666564758,78.73828125,1,run_2026_04_29,15,33,2,1
2026-04-29 15:33:45+00:00,0.0,0.0057486002376157,78.73828125,1,run_2026_04_29,15,33,2,1
2026-04-29 15:34:00+00:00,0.0,0.0039152500555553,78.73828125,1,run_2026_04_29,15,34,2,1
2026-04-29 15:34:15+00:00,0.0,0.0039152500555553,78.73828125,1,run_2026_04_29,15,34,2,1
2026-04-29 15:34:30+00:00,0.0,0.0039152500555553,78.73828125,1,run_2026_04_29,15,34,2,1
2026-04-29 15:34:45+00:00,0.0,0.0039152500555553,78.73828125,1,run_2026_04_29,15,34,2,1
2026-04-29 15:35:00+00:00,0.0,0.0039152500555553,78.73828125,1,run_2026_04_29,15,35,2,1
2026-04-29 15:35:15+00:00,0.0,0.0039152500555553,78.73828125,1,run_2026_04_29,15,35,2,1
2026-04-29 15:35:30+00:00,0.0,0.0039152500555553,78.73828125,1,run_2026_04_29,15,35,2,1
2026-04-29 15:35:45+00:00,0.0,0.0039152500555553,78.73828125,1,run_2026_04_29,15,35,2,1
2026-04-29 15:36:00+00:00,0.0,0.0039152500555553,78.73828125,1,run_2026_04_29,15,36,2,1
2026-04-29 15:36:15+00:00,0.0,0.0039152500555553,78.73828125,1,run_2026_04_29,15,36,2,1
2026-04-29 15:36:30+00:00,0.0,0.0039152500555553,78.73828125,1,run_2026_04_29,15,36,2,1
2026-04-29 15:36:45+00:00,0.0,0.0039152500555553,78.73828125,1,run_2026_04_29,15,36,2,1
2026-04-29 15:37:00+00:00,0.0,0.0039152500555553,78.73828125,1,run_2026_04_29,15,37,2,1
2026-04-29 15:37:15+00:00,0.0,0.0039152500555553,78.73828125,1,run_2026_04_29,15,37,2,1
2026-04-29 15:37:30+00:00,0.0,0.0039152500555553,78.73828125,1,run_2026_04_29,15,37,2,1
2026-04-29 15:37:45+00:00,0.0,0.0039152500555553,78.73828125,1,run_2026_04_29,15,37,2,1
2026-04-29 15:38:00+00:00,0.0,0.0039152500555553,78.73828125,1,run_2026_04_29,15,38,2,1
2026-04-29 15:38:15+00:00,0.0,0.0039152500555553,78.73828125,1,run_2026_04_29,15,38,2,1
2026-04-29 15:38:30+00:00,0.0,0.0039152500555553,78.73828125,1,run_2026_04_29,15,38,2,1
2026-04-29 15:38:45+00:00,0.0,0.0039152500555553,78.73828125,1,run_2026_04_29,15,38,2,1
2026-04-29 15:39:00+00:00,0.0,0.0039152500555553,78.73828125,1,run_2026_04_29,15,39,2,1
